CASE_ID,ACCIDENT_YEAR,PROC_DATE,JURIS,COLLISION_DATE,COLLISION_TIME,OFFICER_ID,REPORTING_DISTRICT,DAY_OF_WEEK,CHP_SHIFT,POPULATION,CNTY_CITY_LOC,SPECIAL_COND,BEAT_TYPE,CHP_BEAT_TYPE,CITY_DIVISION_LAPD,CHP_BEAT_CLASS,BEAT_NUMBER,PRIMARY_RD,SECONDARY_RD,DISTANCE,DIRECTION,INTERSECTION,WEATHER_1,WEATHER_2,STATE_HWY_IND,CALTRANS_COUNTY,CALTRANS_DISTRICT,STATE_ROUTE,ROUTE_SUFFIX,POSTMILE_PREFIX,POSTMILE,LOCATION_TYPE,RAMP_INTERSECTION,SIDE_OF_HWY,TOW_AWAY,COLLISION_SEVERITY,NUMBER_KILLED,NUMBER_INJURED,PARTY_COUNT,PRIMARY_COLL_FACTOR,PCF_CODE_OF_VIOL,PCF_VIOL_CATEGORY,PCF_VIOLATION,PCF_VIOL_SUBSECTION,HIT_AND_RUN,TYPE_OF_COLLISION,MVIW,PED_ACTION,ROAD_SURFACE,ROAD_COND_1,ROAD_COND_2,LIGHTING,CONTROL_DEVICE,CHP_ROAD_TYPE,PEDESTRIAN_ACCIDENT,BICYCLE_ACCIDENT,MOTORCYCLE_ACCIDENT,TRUCK_ACCIDENT,NOT_PRIVATE_PROPERTY,ALCOHOL_INVOLVED,STWD_VEHTYPE_AT_FAULT,CHP_VEHTYPE_AT_FAULT,COUNT_SEVERE_INJ,COUNT_VISIBLE_INJ,COUNT_COMPLAINT_PAIN,COUNT_PED_KILLED,COUNT_PED_INJURED,COUNT_BICYCLIST_KILLED,COUNT_BICYCLIST_INJURED,COUNT_MC_KILLED,COUNT_MC_INJURED,PRIMARY_RAMP,SECONDARY_RAMP,LATITUDE,LONGITUDE,COUNTY,CITY,POINT_X,POINT_Y
92241704,2023,2023-11-21,9455,2023-11-11,2300,021511,,6,3,9,2200,0,1,3,,1,005,SR-49,"CHOWCHILLA MOUNTAIN ROAD",1584.00,N,N,A,-,Y,MPA,,49," "," ",5.478,H,,R,Y,2,0,1,1,A,-,01,23152,A,N,E,8,A,A,H,-,D,D,0,,,,,Y,Y,D,22,1,0,0,0,0,0,0,0,0,"- ","- ",37.464088439941406,-119.78312683105469,MARIPOSA,UNINCORPORATED,-119.78313446044922,37.464012145996094
90198334,2016,2016-06-09,9425,2016-06-06,1205,017461,,1,1,9,2200,0,1,3,,1,053,SR-49,"SCHILLING RD",10560.00,N,N,A,-,Y,,,49,,,,,,,Y,2,0,2,1,A,-,03,22350,,N,F,A,A,A,H,-,A,D,0,,,Y,,Y,,C,02,1,1,0,0,0,0,0,0,2,"- ","- ",37.710299999999997,-120.1974,MARIPOSA,UNINCORPORATED,-120.19707686,37.710529540000003
90978981,2019,2019-04-30,9455,2019-04-26,0200,019237,,5,3,9,2200,0,1,3,,1,001,"STATE HIGHWAY 140","AQUA FRIA RD",800.00,W,N,A,-,Y,,,140,,,,,,,Y,2,0,1,1,A,-,08,22107,,N,E,I,A,A,H,-,D,D,0,,,,,Y,,D,22,1,0,0,0,0,0,0,0,0,"- ","- ",37.481769561767578,-120.02442932128906,MARIPOSA,UNINCORPORATED,-120.0244140625,37.481739044189453
92082639,2023,2023-05-31,9455,2023-05-13,2230,020156,,6,3,9,2200,0,1,3,,1,005,SR-49,"KEMBLE ROAD",160.00,N,N,A,-,Y,MPA,,49," "," ",3.444,H,,R,N,2,0,1,1,A,-,08,22107,,N,E,I,A,A,H,-,D,D,0,,,,,Y,,A,01,1,0,0,0,0,0,0,0,0,"- ","- ",37.447978973388672,-119.75518035888672,MARIPOSA,UNINCORPORATED,-119.75516510009766,37.448051452636719
90699624,2018,2018-04-05,9455,2018-03-31,1215,018088,,6,1,9,2200,0,3,5,,2,010,"BEAR VALLEY RD","MOUNT GAINES RD",700.00,E,N,A,B,N,,,,,,,,,,Y,2,0,1,1,A,-,03,22350,,N,F,A,A,A,H,-,A,D,0,,,Y,,Y,,C,02,1,0,0,0,0,0,0,0,1,"- ","- ",37.547309875488281,-120.18502807617188,MARIPOSA,UNINCORPORATED,-120.18502807617188,37.547309875488281
91200084,2020,2020-03-02,9425,2020-02-23,1250,017403,,7,1,9,2200,0,1,3,,1,053,SR-49,"PENON BLANCO RD",0.00,,Y,A,-,Y,,,49,,,,,,,Y,2,0,1,2,A,-,03,22350,,N,C,C,A,A,H,-,A,D,0,,,Y,,Y,,C,02,1,0,0,0,0,0,0,0,1,"- ","- ",37.736320495605469,-120.23037719726562,MARIPOSA,UNINCORPORATED,-120.23040008544922,37.736286163330078
92132253,2023,2023-07-31,9455,2023-06-06,1945,020377,,2,2,9,2200,0,3,5,,2,010,"DARRAH ROAD","DEER SPRINGS RD",528.00,N,N,A,-,N,,,,,,,,,,Y,1,1,1,1,A,-,01,23152,A,N,E,I,A,A,H,-,A,D,0,,,,,Y,Y,D,22,1,0,0,0,0,0,0,0,0,"- ","- ",37.497970581054688,-119.85334014892578,MARIPOSA,UNINCORPORATED,-119.85479736328125,37.495872497558594
90034923,2015,2015-10-20,9425,2015-10-11,1102,017403,,7,1,9,2200,0,1,3,,1,053,SR-49,"CROWN LEAD RD",2640.00,S,N,A,-,Y,,,,,,,,,,Y,2,0,1,1,A,-,08,22107,,N,F,A,A,A,H,-,A,D,0,,,Y,,Y,,C,02,1,0,0,0,0,0,0,0,1,"- ","- ",,,MARIPOSA,UNINCORPORATED,-120.17796783999999,37.688141909999999
91409877,2021,2021-02-17,9455,2021-02-11,1410,021563,,4,2,9,2200,0,3,5,,2,009,"TRIANGLE RD","RANDACK RD",100.00,S,N,A,-,N,,,,,,,,,,Y,2,0,1,1,A,-,01,23152,A,N,E,I,A,A,H,-,A,D,0,,,,,Y,Y,D,22,1,0,0,0,0,0,0,0,0,"- ","- ",37.510471343994141,-119.82636260986328,MARIPOSA,UNINCORPORATED,-119.82664489746094,37.510505676269531
91386546,2021,2021-01-13,9425,2021-01-04,1515,017403,,1,2,9,2200,0,3,5,,1,005,"GREELEY HILL RD","PRIEST COULTERVILLE RD",6336.00,E,N,B,C,N,,,,,,,,,,Y,2,0,1,1,A,-,08,22107,,N,E,I,A,B,H,-,A,D,0,,,,,Y,,A,07,1,0,0,0,0,0,0,0,0,"- ","- ",37.736579895019531,-120.17781066894531,MARIPOSA,UNINCORPORATED,-120.18682098388672,37.735149383544922
91457890,2021,2021-04-26,9455,2021-04-15,1930,018939,,4,2,9,2200,0,3,5,,2,009,"FRANK WILSON RD","LEMEE WAY",58.00,N,N,A,-,N,,,,,,,,,,N,2,0,1,1,A,-,03,22350,,N,F,A,A,A,H,-,A,D,0,,,,,Y,,M,96,1,0,0,0,0,0,0,0,0,"- ","- ",37.500499725341797,-119.98560333251953,MARIPOSA,UNINCORPORATED,-119.98556000000001,37.500492999999999
91811517,2022,2022-07-06,9455,2022-04-28,1440,018869,,4,2,9,2200,0,1,3,,1,005,"STATE ROUTE 49 (GOLDEN CHAIN HIGHWAY)","PEG LEG RD",575.00,N,N,A,-,Y,MPA,,49,,,12.421,H,,R,Y,1,1,1,2,A,-,01,23152,G,N,D,C,A,A,H,-,A,D,0,,,Y,,Y,Y,C,02,0,0,1,0,0,0,0,1,0,"- ","- ",37.463348388671875,-119.89369964599609,MARIPOSA,UNINCORPORATED,-119.89368438720703,37.463275909423828
92265126,2023,2023-12-18,9455,2023-12-10,1630,022213,,7,2,9,2200,0,1,3,,1,002,"DARRAH ROAD","DEER SPRINGS ROAD",210.00,W,N,A,-,N,,,,,,,,,,Y,2,0,1,1,C,-,18,,,N,H,H,A,A,H,-,B,D,0,,,Y,,Y,,-,"- ",1,0,0,0,0,0,0,0,1,"- ","- ",37.493968963623047,-119.85561370849609,MARIPOSA,UNINCORPORATED,-119.85565185546875,37.493965148925781
91134740,2019,2019-12-03,9425,2019-11-22,1345,017461,,5,1,9,2200,0,3,5,,1,005,"BLANCHARD ROAD","GUSANILLO WAY",30.00,S,N,A,-,N,,,,,,,,,,Y,2,0,1,1,A,-,01,23152,A,N,E,I,A,A,H,-,A,D,0,,,,,Y,Y,A,07,1,0,0,0,0,0,0,0,0,"- ","- ",37.725948333740234,-120.33209991455078,MARIPOSA,UNINCORPORATED,-120.33192443847656,37.72601318359375
90639742,2018,2018-01-15,9455,2018-01-07,0850,020377,,7,1,9,2200,0,1,3,,1,001,"STATE HIGHWAY 140","MT BULLION CUTOFF RD",5280.00,W,N,B,-,Y,,,140,,,,,,,Y,2,0,4,3,A,-,01,23152,A,N,A,C,A,A,H,-,A,D,0,,,,,Y,Y,D,22,1,3,0,0,0,0,0,0,0,"- ","- ",37.470718383789062,-120.07489013671875,MARIPOSA,UNINCORPORATED,-120.07477569580078,37.470790863037109
91003303,2019,2019-06-05,9455,2019-05-18,2330,020377,,6,3,9,2200,0,1,3,,1,003,"STATE ROUTE 140","FERGUSON BRIDGE",8448.00,W,N,C,-,Y,,,140,,,,,,,Y,1,1,0,1,A,-,08,22107,,N,F,A,A,B,H,-,D,D,0,,,,,Y,,A,07,0,0,0,0,0,0,0,0,0,"- ","- ",37.665508270263672,-119.92478942871094,MARIPOSA,UNINCORPORATED,-119.92475128173828,37.665534973144531
90018357,2015,2015-10-19,9455,2015-09-09,1540,016876,,3,2,9,2200,0,1,3,,1,005,SR-49,"CHING ROAD",220.00,S,N,A,-,Y,,,49,,,,,,,Y,2,0,2,1,A,-,03,22350,,N,F,A,A,A,H,-,A,D,0,,,,,Y,,A,07,1,0,1,0,0,0,0,0,0,"- ","- ",37.460030000000003,-119.93155,MARIPOSA,UNINCORPORATED,-119.93155,37.460040159999998
90164910,2016,2016-04-25,9425,2016-04-24,0110,017403,,7,3,9,2200,0,3,5,,1,005,"FACHADA WAY","HERNANDEZ DR",25.00,W,N,A,-,N,,,,,,,,,,Y,2,0,1,1,A,-,08,22107,,N,E,I,A,A,H,-,D,D,0,,,,,Y,,A,01,1,0,0,0,0,0,0,0,0,"- ","- ",,,MARIPOSA,UNINCORPORATED,-120.35216053000001,37.635120440000001
90609429,2017,2017-12-04,9455,2017-11-24,0940,018088,,5,1,9,2200,0,1,3,,1,001,SR-140,"TROWER RD LOWER",3168.00,E,N,A,-,Y,,,140,,,,,,,Y,2,0,1,1,A,-,08,22107,,N,E,I,A,A,H,-,A,D,0,,,,Y,Y,,G,26,1,0,0,0,0,0,0,0,0,"- ","- ",37.445419999999999,-120.07496999999999,MARIPOSA,UNINCORPORATED,-120.07499540000001,37.445467239999999
91040083,2019,2019-07-29,9455,2019-07-20,1820,021563,,6,2,9,2200,0,3,5,,2,009,"CHOWCHILLA MOUNTAIN RD","5992 CHOWCHILLA MTN. RD. PRIVATE DRIVE",155.00,W,N,A,-,N,,,,,,,,,,N,2,0,1,1,A,-,08,22107,,N,E,I,A,A,H,-,A,D,0,,,Y,,Y,,C,06,1,0,0,0,0,0,0,0,1,"- ","- ",37.482200622558594,-119.72869873046875,MARIPOSA,UNINCORPORATED,-119.72869873046875,37.482257843017578
92277825,2023,2024-01-03,9425,2023-12-23,"155 ",021474,,6,3,9,2200,0,1,3,,1,053,SR-49,"SCHILLING RD",7603.00,S,N,E,-,Y,MPA,,49," "," ",37.333,H,,R,Y,2,0,1,1,A,-,08,22107,,N,E,I,A,A,H,-,D,D,0,,,,,Y,Y,D,22,1,0,0,0,0,0,0,0,0,"- ","- ",37.640678405761719,-120.14946746826172,MARIPOSA,UNINCORPORATED,-120.14944458007812,37.640682220458984
90508555,2017,2017-07-26,9455,2017-07-21,0935,018088,,5,1,9,2200,0,3,5,,2,009,"MOUNT BULLION CUT OFF RD",SR-140,280.00,E,N,A,-,N,,,,,,,,,,N,2,0,1,1,A,-,08,22107,,N,E,I,A,A,H,-,A,D,0,,,,,Y,,J,43,1,0,0,0,0,0,0,0,0,"- ","- ",37.4818,-120.0594,MARIPOSA,UNINCORPORATED,-120.06496772,37.479384420000002
90774366,2018,2018-07-23,9455,2018-07-14,1215,021143,,6,1,9,2200,0,1,3,,1,004,SR-49,"MACREADY WAY",397.00,N,N,A,-,Y,,,49,,,,,,,Y,2,0,1,1,A,-,03,22350,,N,F,A,A,A,H,-,A,D,0,,,,,Y,,A,01,1,0,0,0,0,0,0,0,0,"- ","- ",37.506828308105469,-120.03768920898438,MARIPOSA,UNINCORPORATED,-120.03774261474609,37.506862640380859
91839106,2022,2022-08-12,9425,2022-07-23,2022,019657,,6,2,9,2200,0,1,3,,2,042,"STATE ROUTE 120","EVERGREEN RD",430.00,W,N,A,-,Y,TUO,,120,,R,56.075,H,,R,Y,2,0,1,1,A,-,01,23152,A,N,F,A,A,A,H,-,B,D,0,,,,,Y,Y,D,22,1,0,0,0,0,0,0,0,0,"- ","- ",37.815929412841797,-119.87615203857422,MARIPOSA,UNINCORPORATED,-119.87616729736328,37.815891265869141
91351164,2020,2020-11-23,9455,2020-11-15,1557,018939,,7,2,9,2200,0,1,3,,1,004,"SR 49","RT 140",143.00,N,N,A,-,Y,,,49,,,,,,,N,2,0,1,2,A,-,01,23152,A,N,G,B,F,A,H,-,A,D,0,Y,,,,Y,Y,A,07,1,0,0,0,1,0,0,0,0,"- ","- ",37.492801666259766,-119.97329711914062,MARIPOSA,UNINCORPORATED,-119.97333526611328,37.493011474609375
91182776,2020,2020-02-07,9455,2020-02-02,1655,021228,,7,2,9,2200,0,3,5,,2,009,"EAST WHITLOCK ROAD","CRYSTAL AIR DR",1056.00,E,N,B,-,N,,,,,,,,,,Y,2,0,1,1,A,-,01,23152,A,N,F,A,A,A,H,-,A,D,0,,,,,Y,Y,A,07,1,0,0,0,0,0,0,0,0,"- ","- ",37.532070159912109,-119.94911193847656,MARIPOSA,UNINCORPORATED,,
91390748,2021,2021-01-19,9455,2021-01-15,1440,019500,,5,2,9,2200,0,1,3,,1,005,SR-49,"WORMAN RD",1056.00,S,N,A,-,Y,,,49,,,,,,,Y,2,0,1,1,A,-,08,22107,,N,F,A,A,A,H,-,A,D,0,,,,,Y,,A,01,1,0,0,0,0,0,0,0,0,"- ","- ",37.419200897216797,-119.72785949707031,MARIPOSA,UNINCORPORATED,-119.72792816162109,37.419315338134766
91261711,2020,2020-07-01,9455,2020-06-23,1815,020377,,2,2,9,2200,0,3,5,,2,009,"BRICEBURG ROAD","STATE HIGHWAY 140",3696.00,W,N,A,-,N,,,,,,,,,,Y,2,0,2,1,A,-,01,23152,A,N,F,A,A,A,H,-,A,D,0,,,,,Y,Y,A,01,1,0,1,0,0,0,0,0,0,"- ","- ",37.602188110351562,-119.97699737548828,MARIPOSA,UNINCORPORATED,-119.97709500000001,37.602158000000003
92002517,2023,2023-02-24,9455,2023-02-13,1555,018869,,1,2,9,2200,0,1,3,,1,005,SR49,"WORMAN RD.",0.00,,Y,A,-,Y,MPA,,49," "," ",0.823,H,,R,Y,2,0,2,2,A,-,09,21802,A,N,D,C,A,A,H,-,A,A,0,,,,,Y,,D,22,1,1,0,0,0,0,0,0,0,"- ","- ",37.422531127929688,-119.72502899169922,MARIPOSA,UNINCORPORATED,-119.72499084472656,37.422515869140625
92039038,2023,2023-04-07,9455,2023-03-24,2305,021295,,5,3,9,2200,0,1,3,,1,005,SR-49,"OLD HIGHWAY (SOUTH)",150.00,S,N,A,-,Y,,,,,,,,,,Y,2,0,1,1,A,-,08,22107,,N,E,I,A,A,H,-,D,D,0,,,,,Y,,D,22,1,0,0,0,0,0,0,0,0,"- ","- ",37.470809936523438,-119.95053863525391,MARIPOSA,UNINCORPORATED,-119.95090484619141,37.470375061035156
92262293,2023,2023-12-14,9455,2023-12-02,1710,022213,,6,2,9,2200,0,1,3,,1,003,SR-140,"EL PORTAL RD",25872.00,W,N,A,-,Y,MPA,,140," "," ",44.582,H,,R,N,2,0,1,2,A,-,11,21954,A,N,G,B,D,A,H,-,B,D,0,Y,,,,Y,,N,60,1,0,0,0,1,0,0,0,0,"- ","- ",37.663860321044922,-119.86940765380859,MARIPOSA,UNINCORPORATED,-119.86941528320312,37.663864135742188
91111521,2019,2019-11-01,9455,2019-10-28,1320,019237,,1,1,9,2200,0,1,3,,1,004,"STATE HIGHWAY 49 NORTH","PINETREE ROAD",1584.00,N,N,A,-,Y,,,49,,,,,,,Y,2,0,1,1,A,-,08,22107,,N,E,I,A,A,H,-,A,D,0,,,Y,,Y,,C,02,1,0,0,0,0,0,0,0,1,"- ","- ",37.598918914794922,-120.1246337890625,MARIPOSA,UNINCORPORATED,-120.12465667724609,37.598873138427734
91022333,2019,2019-07-01,9455,2019-06-24,1749,019237,,1,2,9,2200,0,3,5,,2,010,"TRIANGLE ROAD","MEMORY LANE",180.00,E,N,A,-,N,,,,,,,,,,N,2,0,1,1,A,-,03,22350,,N,F,A,A,A,H,-,A,D,0,,,Y,,Y,,C,02,1,0,0,0,0,0,0,0,1,"- ","- ",37.508281707763672,-119.86171722412109,MARIPOSA,UNINCORPORATED,-119.89188385009766,37.511989593505859
91239690,2020,2020-05-19,9425,2020-05-10,1552,017403,,7,2,9,2200,0,1,3,,1,054,SR-132,"HORSESHOE BEND",2112.00,W,N,A,-,Y,,,132,,,,,,,Y,2,0,1,1,A,-,01,23152,F,N,E,I,A,A,H,-,A,D,0,,,,,Y,,A,07,1,0,0,0,0,0,0,0,0,"- ","- ",37.701328277587891,-120.25657653808594,MARIPOSA,UNINCORPORATED,-120.25658416748047,37.701347351074219
91493292,2021,2021-06-09,9425,2021-05-30,1115,017461,,7,1,9,2200,0,1,3,,1,053,SR-49,"SCHILLING RD",9504.00,S,N,A,-,Y,,,49,,,,,,,N,2,0,1,1,A,-,08,22107,,N,F,A,A,A,H,-,A,D,0,,,Y,,Y,,C,02,1,0,0,0,0,0,0,0,1,"- ","- ",37.647308349609375,-120.14762115478516,MARIPOSA,UNINCORPORATED,-120.14755249023438,37.647293090820312
91810046,2022,2022-07-05,9425,2022-07-02,0620,016886,,6,1,9,2200,0,3,5,,1,005,"GREELEY HILL ROAD","VIA DE LOS PINOS",0.00,,Y,A,-,N,,,,,,,,,,Y,2,0,2,1,A,-,01,23152,A,N,E,I,A,A,H,-,A,D,0,,,,,Y,Y,D,22,1,1,0,0,0,0,0,0,0,"- ","- ",37.739128112792969,-120.14508056640625,MARIPOSA,UNINCORPORATED,-120.14508819580078,37.739078521728516
7024341,2015,2017-01-10,9455,2015-08-05,1033,018920,,3,1,9,2200,0,1,3,,1,005,"RT 49","PEAK VIEW RD",1584.00,S,N,A,-,Y,MPA,10,49,-,-,7.540,H,-,N,Y,2,0,1,1,A,-,08,22107,,N,E,I,A,A,H,-,A,D,0,,,,,Y,,A,01,1,0,0,0,0,0,0,0,0,"- ","- ",37.454099999999997,-119.81741,MARIPOSA,UNINCORPORATED,-119.81280893,37.455859369999999
91194579,2020,2020-02-27,9425,2020-02-17,1635,016812,,1,2,9,2200,0,3,5,,1,005,"BANDERILLA DR","RASTRO WAY",53.00,W,N,A,-,N,,,,,,,,,,N,2,0,1,1,C,-,18,,,N,H,A,A,A,H,-,A,D,0,,,Y,,Y,,-,"- ",1,0,0,0,0,0,0,0,1,"- ","- ",37.653541564941406,-120.34449768066406,MARIPOSA,UNINCORPORATED,-120.34443664550781,37.653495788574219
91313624,2020,2020-09-28,9425,2020-09-23,1102,017403,,3,1,9,2200,0,1,3,,1,053,SR-49,"MARY HARRISON MINE RD",9504.00,S,N,A,-,Y,,,49,,,,,,,Y,2,0,1,1,A,-,08,22107,,N,E,I,A,A,H,-,A,D,0,,,Y,,Y,,C,02,1,0,0,0,0,0,0,0,1,"- ","- ",37.678390502929688,-120.16449737548828,MARIPOSA,UNINCORPORATED,-120.16446685791016,37.678401947021484
91880363,2022,2022-10-03,9455,2022-09-24,1930,021563,,6,2,9,2200,0,3,5,,2,010,"APPERSON MINE RD","HITES COVE RD",22.00,W,N,A,-,N,,,,,,,,,,N,2,0,1,1,A,-,01,23152,A,N,E,A,A,A,H,-,B,D,0,,,Y,,Y,Y,C,06,1,0,0,0,0,0,0,0,1,"- ","- ",37.592231750488281,-119.85249328613281,MARIPOSA,UNINCORPORATED,-119.85251617431641,37.592193603515625
90774380,2018,2018-07-23,9455,2018-07-15,0815,021143,,7,1,9,2200,0,1,3,,1,005,SR-49,"DRURY LANE",0.00,,Y,A,B,Y,,,49,,,,,,,Y,2,0,2,2,A,-,09,21801,A,N,D,C,A,A,H,-,A,D,0,,,,,Y,,D,22,1,0,1,0,0,0,0,0,0,"- ","- ",37.460029602050781,-119.93270111083984,MARIPOSA,UNINCORPORATED,-119.93269348144531,37.459980010986328
91097414,2019,2019-10-15,9455,2019-10-04,1220,016876,,5,1,9,2200,0,3,5,,2,010,"JOE HOWARD RD",SR-49,30.00,W,N,A,-,N,,,,,,,,,,N,2,0,1,2,A,-,10,21950,A,N,G,B,D,A,H,-,A,D,0,Y,,,,Y,,A,07,1,0,0,0,1,0,0,0,0,"- ","- ",37.492698669433594,-119.97470092773438,MARIPOSA,UNINCORPORATED,-119.97467041015625,37.492908477783203
6934286,2015,2015-06-10,9455,2015-05-06,1100,019417,,3,1,9,2200,0,3,5,,2,010,"TRIANGLE RD","EAST WESTFALL RD",0.00,,Y,A,-,N,,,,,,,,,,N,2,0,1,2,A,-,09,21801,A,N,D,G,A,A,H,-,A,A,0,,Y,,,Y,,A,01,1,0,0,0,0,0,1,0,0,"- ","- ",37.50067,-119.81507000000001,MARIPOSA,UNINCORPORATED,-119.81063992999999,37.500679990000002
90639733,2018,2018-01-15,9455,2018-01-06,1100,020377,,6,1,9,2200,0,3,5,,2,010,"YAQUI GULCH RD","LIVE OAK RD",3696.00,N,N,C,-,N,,,,,,,,,,Y,2,0,1,1,A,-,08,22107,,N,F,A,A,B,H,-,A,D,0,,,,,Y,,D,22,1,0,0,0,0,0,0,0,0,"- ","- ",37.467769622802734,-120.00196838378906,MARIPOSA,UNINCORPORATED,-120.00208282470703,37.466453552246094
6723983,2014,2015-02-11,9455,2014-12-01,0928,017810,,1,1,9,2200,0,1,3,,1,004,"RT 49","MT BULLION CUTOFF RD",0.00,,Y,B,-,Y,,,,,,,,,,Y,2,0,1,2,A,-,09,21801,A,N,A,C,A,A,H,-,A,D,0,,,,,Y,,D,22,1,0,0,0,0,0,0,0,0,"- ","- ",,,MARIPOSA,UNINCORPORATED,-120.04163986,37.506189910000003
90021064,2015,2015-10-19,9455,2015-08-23,1225,016876,,7,1,9,2200,0,1,3,,1,004,SR-49,"FRENCH CAMP RD",2323.00,S,N,A,-,Y,,,49,,,,,,,N,1,1,0,2,A,-,01,23152,A,F,H,G,A,A,H,-,A,D,0,,Y,,,Y,Y,D,22,0,0,0,0,0,1,0,0,0,"- ","- ",37.504579999999997,-119.99451999999999,MARIPOSA,UNINCORPORATED,-119.99450834,37.504592729999999
6510538,2014,2016-04-14,9455,2014-05-24,1612,019648,,6,2,9,2200,0,1,3,,1,002,"RT 49","BRICEBURG RD",3696.00,W,N,A,-,Y,MPA,10,140,-,-,33.370,H,-,W,Y,2,0,1,1,A,-,08,22107,,N,E,I,A,A,H,-,A,D,0,,,,,Y,,D,22,1,0,0,0,0,0,0,0,0,"- ","- ",,,MARIPOSA,UNINCORPORATED,-119.95937693,37.597871400000002
6800906,2015,2016-09-14,9455,2015-02-01,1615,018923,,7,2,9,2200,0,1,3,,1,004,"RT 49","MERCED RIVER BR",2640.00,S,N,A,-,Y,MPA,10,49,-,-,33.900,H,-,N,N,2,0,1,1,C,-,18,,,N,F,A,A,A,H,-,B,D,0,,,Y,,Y,,-,"- ",1,0,0,0,0,0,0,0,1,"- ","- ",,,MARIPOSA,UNINCORPORATED,-120.13225985,37.602324000000003
90573499,2017,2017-10-18,9425,2017-10-10,1502,017403,,2,2,9,2200,0,1,3,,1,054,SR-132,"SPRING GULCH RD.",6336.00,E,N,A,-,Y,,,,,,,,,,Y,2,0,2,1,A,-,08,22107,,N,E,I,A,A,H,-,A,D,0,,,Y,,Y,,C,02,2,0,0,0,0,0,0,0,2,"- ","- ",,,MARIPOSA,UNINCORPORATED,-120.24721905,37.707997149999997
90246833,2016,2016-08-17,9455,2016-08-09,2300,019417,,2,3,9,2200,0,3,5,,2,010,"TRIANGLE RD","DARRAH RD",770.00,N,N,A,-,N,,,,,,,,,,Y,2,0,1,1,A,-,08,22107,,N,E,I,A,A,H,-,D,D,0,,,,,Y,,A,07,1,0,0,0,0,0,0,0,0,"- ","- ",37.516979999999997,-119.83766,MARIPOSA,UNINCORPORATED,-119.83755798,37.517052999999997
91492285,2021,2021-06-08,9455,2021-06-01,1150,018088,,2,1,9,2200,0,1,3,,1,002,SR-140,"10TH ST",0.00,,Y,A,-,Y,,,140,,,,,,,Y,2,0,1,2,A,-,09,21801,A,N,A,C,A,A,H,-,A,D,0,,,Y,,Y,,A,08,1,0,0,0,0,0,0,0,1,"- ","- ",37.488319396972656,-119.96910095214844,MARIPOSA,UNINCORPORATED,-119.96903991699219,37.488380432128906
91743150,2022,2022-05-10,9455,2022-03-26,1550,021563,,6,2,9,2200,0,3,5,,2,009,"USONA RD","USONA RIDGE RD",50.00,S,N,A,-,N,,,,,,,,,,Y,2,0,1,1,A,-,01,23152,A,N,F,A,A,A,H,-,A,D,0,,,,,Y,Y,A,01,1,0,0,0,0,0,0,0,0,"- ","- ",37.430530548095703,-119.82489013671875,MARIPOSA,UNINCORPORATED,-119.82742309570312,37.433830261230469
90257069,2016,2016-08-30,9455,2016-08-29,0830,012329,,1,1,9,2200,0,1,3,,1,004,"SR-49 NORTH","MERCED RVR BR 40-47",4752.00,S,N,A,-,Y,,,49,,,,,,,Y,2,0,1,1,A,-,08,22107,,N,F,A,A,A,H,-,A,D,0,,,Y,,Y,,C,02,1,0,0,0,0,0,0,0,1,"- ","- ",37.598030000000001,-120.13168,MARIPOSA,UNINCORPORATED,-120.13169114999999,37.598021330000002
6290026,2014,2014-02-21,9456,2014-02-01,0214,19334,,6,3,9,2200,0,1,3,,2,055,"RT 41","SUMMIT RD",255.00,N,N,A,-,Y,MPA,6,41,-,-,3.150,H,-,N,Y,1,1,1,1,A,-,01,23152,A,N,E,I,A,C,H,-,D,A,0,,,,,Y,Y,A,07,0,0,1,0,0,0,0,0,0,"- ","- ",37.475560000000002,-119.63835,MARIPOSA,UNINCORPORATED,-119.63833145,37.475522169999998
91102428,2019,2019-10-22,9455,2019-09-14,0225,021228,,6,3,9,2200,0,3,5,,2,009,"HUNTERS VALLEY ACCESS RD","BEAR VALLEY ROAD",21120.00,N,N,A,-,N,,,,,,,,,,N,2,0,1,2,A,-,03,22350,,F,G,B,E,A,H,-,D,D,0,Y,,Y,,Y,Y,C,06,1,0,0,0,1,0,0,0,0,"- ","- ",37.614101409912109,-120.18209838867188,MARIPOSA,UNINCORPORATED,-120.1463623046875,37.585060119628906