CASE_ID,ACCIDENT_YEAR,PROC_DATE,JURIS,COLLISION_DATE,COLLISION_TIME,OFFICER_ID,REPORTING_DISTRICT,DAY_OF_WEEK,CHP_SHIFT,POPULATION,CNTY_CITY_LOC,SPECIAL_COND,BEAT_TYPE,CHP_BEAT_TYPE,CITY_DIVISION_LAPD,CHP_BEAT_CLASS,BEAT_NUMBER,PRIMARY_RD,SECONDARY_RD,DISTANCE,DIRECTION,INTERSECTION,WEATHER_1,WEATHER_2,STATE_HWY_IND,CALTRANS_COUNTY,CALTRANS_DISTRICT,STATE_ROUTE,ROUTE_SUFFIX,POSTMILE_PREFIX,POSTMILE,LOCATION_TYPE,RAMP_INTERSECTION,SIDE_OF_HWY,TOW_AWAY,COLLISION_SEVERITY,NUMBER_KILLED,NUMBER_INJURED,PARTY_COUNT,PRIMARY_COLL_FACTOR,PCF_CODE_OF_VIOL,PCF_VIOL_CATEGORY,PCF_VIOLATION,PCF_VIOL_SUBSECTION,HIT_AND_RUN,TYPE_OF_COLLISION,MVIW,PED_ACTION,ROAD_SURFACE,ROAD_COND_1,ROAD_COND_2,LIGHTING,CONTROL_DEVICE,CHP_ROAD_TYPE,PEDESTRIAN_ACCIDENT,BICYCLE_ACCIDENT,MOTORCYCLE_ACCIDENT,TRUCK_ACCIDENT,NOT_PRIVATE_PROPERTY,ALCOHOL_INVOLVED,STWD_VEHTYPE_AT_FAULT,CHP_VEHTYPE_AT_FAULT,COUNT_SEVERE_INJ,COUNT_VISIBLE_INJ,COUNT_COMPLAINT_PAIN,COUNT_PED_KILLED,COUNT_PED_INJURED,COUNT_BICYCLIST_KILLED,COUNT_BICYCLIST_INJURED,COUNT_MC_KILLED,COUNT_MC_INJURED,PRIMARY_RAMP,SECONDARY_RAMP,LATITUDE,LONGITUDE,COUNTY,CITY,POINT_X,POINT_Y
90449292,2017,2017-05-04,9455,2017-04-28,1008,015656,,5,1,9,2200,0,1,3,,1,001,SR-140,"MERCED COUNTY LINE",6864.00,E,N,A,-,Y,,,140,,,,,,,Y,2,0,3,1,A,-,08,22107,,N,F,A,A,A,H,-,A,D,0,,,,,Y,,A,01,1,2,0,0,0,0,0,0,0,"- ","- ",37.349269999999997,-120.20183,MARIPOSA,UNINCORPORATED,-120.20182453,37.349256420000003
91454505,2021,2021-04-20,9425,2021-04-10,1215,016886,,6,1,9,2200,0,1,3,,1,053,SR-49,"CROWN LEAD ROAD",6336.00,S,N,A,-,Y,,,49,,,,,,,Y,2,0,1,1,A,-,08,22107,,N,E,I,A,A,H,-,A,D,0,,,Y,,Y,,C,02,1,0,0,0,0,0,0,0,1,"- ","- ",37.680309295654297,-120.17153930664062,MARIPOSA,UNINCORPORATED,-120.17153167724609,37.680309295654297
91825381,2022,2022-07-26,9455,2022-07-24,1115,018869,,7,1,9,2200,0,1,3,,1,001,SR140,"YAQUI GULCH RD.",100.00,W,N,A,-,Y,MPA,,140,,,17.121,H,,R,N,2,0,1,1,A,-,21,22106,,N,F,A,A,A,H,-,A,D,0,,,Y,,Y,,C,02,1,0,0,0,0,0,0,0,1,"- ","- ",37.48046875,-120.01188659667969,MARIPOSA,UNINCORPORATED,-120.01186370849609,37.480438232421875
90043316,2015,2015-11-03,9455,2015-10-26,1250,018920,,1,1,9,2200,0,3,5,,2,010,"OLD HIGHWAY RD","TOTOKON RD",100.00,E,N,A,-,N,,,,,,,,,,Y,2,0,1,1,A,-,03,22350,,N,F,A,A,A,H,-,A,D,0,,,Y,,Y,,C,02,1,0,0,0,0,0,0,0,1,"- ","- ",37.450890000000001,-119.97852,MARIPOSA,UNINCORPORATED,-119.97928082999999,37.449825160000003
90309839,2016,2016-11-02,9455,2016-10-24,0710,015656,,1,1,9,2200,0,1,3,,1,002,SR-140,"BEAR CREEK BR. 40-04",2112.00,E,N,B,-,Y,,,140,,,,,,,Y,2,0,1,1,A,-,03,22350,,N,E,I,A,B,H,-,B,A,0,,,,,Y,,A,07,1,0,0,0,0,0,0,0,0,"- ","- ",37.58193,-119.96015,MARIPOSA,UNINCORPORATED,-119.96011464999999,37.581936839999997
91341848,2020,2020-11-09,9455,2020-11-01,1400,019237,,7,2,9,2200,0,1,3,,1,003,"STATE HIGHWAY 140","BEAR CREEK",7920.00,E,N,A,-,Y,,,140,,,,,,,Y,2,0,1,1,A,-,08,22107,,N,F,A,A,A,H,-,A,D,0,,,Y,,Y,,C,02,1,0,0,0,0,0,0,0,1,"- ","- ",37.5989990234375,-119.95915985107422,MARIPOSA,UNINCORPORATED,-119.95906066894531,37.598976135253906
6673890,2014,2015-01-27,9455,2014-12-20,1330,18946,,6,1,9,2200,0,1,3,,1,001,"RT 140","AGUA FRIA RD",528.00,W,N,B,-,Y,,,,,,,,,,Y,2,0,1,1,A,-,03,22350,,N,E,I,A,B,H,-,A,D,0,,,,,Y,,J,48,1,0,0,0,0,0,0,0,0,"- ","- ",,,MARIPOSA,UNINCORPORATED,-120.0228388,37.481949950000001
92074448,2023,2023-05-22,9455,2023-05-12,1258,019500,,5,1,9,2200,0,1,3,,1,005,"SR-49 SOUTH","DARRAH RD.",1056.00,S,N,A,-,Y,MPA,,49," "," ",11.875,H,,R,Y,2,0,3,2,A,-,09,21804,A,N,D,C,A,A,H,-,A,D,0,,,,,Y,,A,01,2,0,1,0,0,0,0,0,0,"- ","- ",37.463199615478516,-119.88387298583984,MARIPOSA,UNINCORPORATED,-119.88387298583984,37.463199615478516
6604174,2014,2016-04-29,9455,2014-08-10,0930,18215,,7,1,9,2200,0,1,3,,1,004,"RT 140","BEAR VALLEY RD",15840.00,N,N,A,-,Y,MPA,10,140,-,-,32.340,H,-,E,N,2,0,1,1,A,-,03,22350,,N,E,I,A,A,H,-,A,D,0,,,Y,,Y,,C,02,1,0,0,0,0,0,0,0,1,"- ","- ",,,MARIPOSA,UNINCORPORATED,-119.96481863,37.587985320000001
90879633,2018,2018-12-10,9455,2018-09-28,1743,021563,,5,2,9,2200,0,1,3,,1,001,SR-140,"EAST TROWER RD.",2112.00,W,N,A,-,Y,,,140,,,,,,,Y,1,1,1,1,A,-,01,23152,A,N,E,I,A,A,H,-,A,D,0,,,,,Y,Y,D,22,1,0,0,0,0,0,0,0,0,"- ","- ",37.446788787841797,-120.07334136962891,MARIPOSA,UNINCORPORATED,-120.07331085205078,37.44677734375
90526523,2017,2017-08-18,9425,2017-08-12,2130,017461,,6,2,9,2200,0,3,5,,1,005,"GREELEY HILL RD","OLD GREELEY HILL RD",3168.00,W,N,A,-,N,,,,,,,,,,Y,2,0,1,1,A,-,01,23152,A,N,F,A,A,A,H,-,D,D,0,,,,,Y,Y,A,07,1,0,0,0,0,0,0,0,0,"- ","- ",37.733499999999999,-120.18770000000001,MARIPOSA,UNINCORPORATED,-120.17175786,37.73786819
90538317,2017,2017-08-31,9455,2017-08-20,1500,021143,,7,2,9,2200,0,3,5,,2,009,"HORNITOS RD","LA PALOMA RD",50.00,E,N,A,-,N,,,,,,,,,,N,2,0,1,1,A,-,08,22107,,N,E,I,A,A,H,-,A,A,0,,,Y,,Y,,C,02,1,0,0,0,0,0,0,0,1,"- ","- ",37.324179999999998,-120.25897999999999,MARIPOSA,UNINCORPORATED,-120.27228014000001,37.482012490000002
91469215,2021,2021-05-10,9425,2021-04-26,1413,017403,,1,2,9,2200,0,1,3,,1,053,SR-49,"SCHILLING RD",9504.00,N,N,A,-,Y,,,49,,,,,,,Y,2,0,2,2,A,-,05,21460,A,N,A,C,A,A,H,-,A,D,0,,,Y,,Y,,C,02,2,0,0,0,0,0,0,0,2,"- ","- ",37.677391052246094,-120.16123962402344,MARIPOSA,UNINCORPORATED,-120.16123962402344,37.677398681640625
90994320,2019,2019-05-22,9425,2019-05-18,1515,016886,,6,2,9,2200,0,3,5,,1,005,"MERCED FALLS ROAD","BARRETT COVE ROAD",125.00,N,N,B,C,N,,,,,,,,,,Y,2,0,3,1,A,-,08,22107,,N,F,A,A,B,H,-,A,A,0,,,,,Y,,A,01,2,0,1,0,0,0,0,0,0,"- ","- ",37.644920349121094,-120.31104278564453,MARIPOSA,UNINCORPORATED,-120.31114959716797,37.644954681396484
91482451,2021,2021-05-27,9425,2021-05-23,1056,017403,,7,1,9,2200,0,1,3,,1,044,SR-132,"BONDS FLAT RD",270.00,E,N,A,-,Y,,,,,,,,,,Y,2,0,1,1,A,-,08,22107,,N,E,I,A,A,H,-,A,D,0,,,Y,,Y,,C,02,1,0,0,0,0,0,0,0,1,"- ","- ",37.679370880126953,-120.36100006103516,MARIPOSA,UNINCORPORATED,-120.36098480224609,37.679359436035156
91757951,2022,2022-04-27,9455,2022-04-20,1820,018869,,3,2,9,2200,0,3,5,,2,010,"ALLRED ROAD","MORNING STAR LANE",4224.00,S,N,A,-,N,,,,,,,,,,N,2,0,2,2,A,-,05,21650,,N,A,C,A,A,H,-,A,D,0,,,Y,,Y,,C,02,1,1,0,0,0,0,0,0,2,"- ","- ",37.478199005126953,-119.92381286621094,MARIPOSA,UNINCORPORATED,-119.92391204833984,37.47784423828125
91256718,2020,2020-06-24,9455,2020-06-15,2255,021563,,1,3,9,2200,0,3,5,,2,009,"PENDOLA GARDEN RD","OLD TOLL RD",2640.00,N,N,A,-,N,,,,,,,,,,Y,2,0,1,1,A,-,08,22107,,N,F,A,A,A,H,-,D,D,0,,,Y,,Y,,C,06,1,0,0,0,0,0,0,0,1,"- ","- ",37.523929595947266,-120.10759735107422,MARIPOSA,UNINCORPORATED,-120.10459136962891,37.513442993164062
91125069,2019,2019-11-20,9455,2019-11-10,1310,019237,,7,1,9,2200,0,1,3,,1,004,"STATE HIGHWAY 49 NORTH","PINETREE RD",6336.00,N,N,A,-,Y,,,,,,,,,,Y,2,0,2,1,A,-,08,22107,,N,F,A,A,A,H,-,A,D,0,,,Y,,Y,,C,02,1,0,1,0,0,0,0,0,2,"- ","- ",37.594070434570312,-119.12885284423828,MARIPOSA,UNINCORPORATED,-120.12841796875,37.593570709228516
91702378,2022,2022-02-16,9455,2022-02-05,1905,018939,,6,2,9,2200,0,1,3,,1,001,"RT 140","MOUNT BULLION CUT OFF RD",2112.00,W,N,A,-,Y,MPA,,140,,,13.423,H,,R,Y,2,0,1,2,A,-,05,21460,A,N,A,C,A,A,H,-,D,D,0,,,,,Y,,A,07,1,0,0,0,0,0,0,0,0,"- ","- ",37.476188659667969,-120.07347106933594,MARIPOSA,UNINCORPORATED,-120.07347106933594,37.476188659667969
91838418,2022,2022-08-11,9455,2022-07-21,0230,020123,,4,3,9,2200,0,1,3,,1,004,SR-49,"BAGBY BRIDGE",2640.00,S,N,A,-,N,,,,,,,,,,Y,2,0,1,1,A,-,08,22107,,N,E,J,A,A,H,-,D,D,0,,,,,Y,,-,"- ",1,0,0,0,0,0,0,0,0,"- ","- ",37.604129791259766,-120.13391876220703,MARIPOSA,UNINCORPORATED,-120.1339111328125,37.604133605957031
91143381,2019,2019-12-13,9455,2019-12-09,0725,019237,,1,1,9,2200,0,1,3,,1,003,"STATE HIGHWAY 140","HITES MINE RD",6864.00,W,N,B,-,Y,,,140,,,,,,,Y,2,0,1,1,A,-,08,22107,,N,E,I,A,B,H,-,A,A,0,,,,,Y,,A,01,1,0,0,0,0,0,0,0,0,"- ","- ",37.663078308105469,-119.87043762207031,MARIPOSA,UNINCORPORATED,-119.87042999267578,37.663070678710938
91280896,2020,2020-08-05,9455,2020-07-24,0515,020377,,5,3,9,2200,0,1,3,,1,005,"STATE HIGHWAY 49","KEMBLE RD",505.00,S,N,A,-,Y,,,49,,,,,,,Y,2,0,2,2,A,-,06,21751,,N,B,C,A,A,H,-,B,D,0,,,Y,,Y,,A,07,2,0,0,0,0,0,0,0,1,"- ","- ",37.447540283203125,-119.75335693359375,MARIPOSA,UNINCORPORATED,-119.75330352783203,37.447811126708984
90997372,2019,2019-05-28,9425,2019-05-03,2340,016886,,5,3,9,2200,0,1,3,,1,054,SR-132,"PINEY CREEK ROAD",800.00,E,N,A,-,Y,,,132,,,,,,,Y,2,0,4,1,A,-,01,23152,A,N,H,I,A,A,H,-,D,D,0,,,,,Y,Y,D,22,3,0,1,0,0,0,0,0,0,"- ","- ",37.700550079345703,-120.29261779785156,MARIPOSA,UNINCORPORATED,-120.29261779785156,37.700580596923828
91021111,2019,2019-06-28,9425,2019-06-22,2225,016886,,6,3,9,2200,0,3,5,,1,005,"DOGTOWN ROAD","JEFFREY LANE",6864.00,E,N,A,-,N,,,,,,,,,,Y,2,0,2,1,A,-,08,22107,,N,E,I,A,A,H,-,D,D,0,,,,,Y,,A,07,1,1,0,0,0,0,0,0,0,"- ","- ",37.706790924072266,-120.156982421875,MARIPOSA,UNINCORPORATED,-120.15718841552734,37.70660400390625
90134496,2016,2016-03-11,9455,2016-03-06,2014,016876,,7,2,9,2200,0,1,3,,1,002,SR-140,SR-49,0.00,,Y,C,-,Y,,,140,,,,,,,N,2,0,1,2,A,-,10,21950,A,N,G,B,B,B,H,-,C,A,0,Y,,,,Y,Y,A,01,1,0,0,0,1,0,0,0,0,"- ","- ",37.493040000000001,-119.97268,MARIPOSA,UNINCORPORATED,-119.9726907,37.493034199999997
91076195,2019,2019-09-17,9425,2019-09-14,0933,016886,,6,1,9,2200,0,1,3,,1,053,SR-49,"SCHILLING ROAD",8976.00,N,N,A,-,Y,,,49,,,,,,,Y,2,0,1,1,A,-,08,22107,,N,F,A,A,A,H,-,A,D,0,,,Y,,Y,,C,02,1,0,0,0,0,0,0,0,1,"- ","- ",37.677799224853516,-120.15986633300781,MARIPOSA,UNINCORPORATED,-120.15985870361328,37.677787780761719
91185707,2020,2020-02-12,9425,2020-01-24,1615,017461,,5,2,9,2200,0,3,5,,1,005,"PINEY CREEK RD","STATE ROUTE 132",4752.00,S,N,A,-,N,,,,,,,,,,N,2,0,1,1,A,-,01,23152,A,N,F,A,A,A,H,-,A,D,0,,,Y,,Y,Y,C,02,1,0,0,0,0,0,0,0,1,"- ","- ",37.696189880371094,-120.30355072021484,MARIPOSA,UNINCORPORATED,-120.30689239501953,37.693389892578125
90403374,2017,2017-03-01,9455,2017-02-25,2140,019244,,6,2,9,2200,0,1,3,,1,001,"RT 140","TROWER ROAD (EAST)",2112.00,W,N,A,-,Y,,,,,,,,,,Y,2,0,3,1,A,-,01,23153,A,N,F,A,A,A,H,-,D,D,0,,,,,Y,Y,A,07,1,0,2,0,0,0,0,0,0,"- ","- ",37.264749999999999,-120.42483,MARIPOSA,UNINCORPORATED,-120.09025079,37.436384910000001
90746347,2018,2018-07-16,9455,2018-01-28,1845,019417,,7,2,9,2200,0,3,5,,2,010,"GANNS CORRAL RD","LITTLE BEAR RD",3696.00,N,N,A,-,N,,,,,,,,,,Y,1,1,0,1,A,-,08,22107,,F,E,I,A,A,G,H,D,D,0,,,,,Y,,A,07,0,0,0,0,0,0,0,0,0,"- ","- ",37.450439453125,-119.95648956298828,MARIPOSA,UNINCORPORATED,-119.95661926269531,37.450546264648438
91347967,2020,2020-11-18,9425,2020-11-15,1036,017403,,7,1,9,2200,0,1,3,,1,054,SR-132,"HORSESHOE BEND",500.00,E,N,A,-,Y,,,132,,,,,,,Y,2,0,1,1,A,-,08,22107,,N,E,I,A,A,H,-,A,D,0,,,,,Y,,D,22,1,0,0,0,0,0,0,0,0,"- ","- ",37.705570220947266,-120.25006866455078,MARIPOSA,UNINCORPORATED,-120.25,37.705558776855469
92092847,2023,2023-06-13,9455,2023-06-07,1605,016876,,3,2,9,2200,0,1,3,,1,003,SR-140,"BUFFALO GULCH RD",2640.00,E,N,B,-,Y,MPA,,140," "," ",32.258,H,,R,Y,2,0,1,2,A,-,08,22107,,N,B,C,A,A,H,-,A,D,0,,,Y,,Y,,C,02,1,0,0,0,0,0,0,0,1,"- ","- ",37.586849212646484,-119.96450042724609,MARIPOSA,UNINCORPORATED,-119.96444702148438,37.586826324462891
90592268,2017,2017-11-13,9455,2017-11-08,1208,018088,,3,1,9,2200,0,1,3,,1,004,SR-49,"FRANK WILSON",1584.00,N,N,A,-,Y,,,49,,,,,,,N,2,0,1,1,C,-,18,,,N,E,H,A,A,H,-,A,D,0,,,Y,,Y,,-,"- ",1,0,0,0,0,0,0,0,1,"- ","- ",37.502740000000003,-119.99086,MARIPOSA,UNINCORPORATED,-119.99086324,37.502724909999998
6992724,2015,2015-09-03,9425,2015-07-16,1500,16886,,4,2,9,2200,0,3,5,,1,005,"BANDERILLA DR","ALAMO DR",294.00,S,N,A,-,N,,,,,,,,,,Y,2,0,1,1,A,-,21,22106,,N,H,J,A,A,H,-,A,D,0,,,,,Y,,A,01,1,0,0,0,0,0,0,0,0,"- ","- ",37.657879999999999,-120.34944,MARIPOSA,UNINCORPORATED,-120.34933095,37.659020310000002
94371421,2024,2024-08-27,9455,2024-08-25,1045,016876,,7,1,9,2200,0,1,3,,1,002,SR-140,"BRICEBURG VISITOR CENTER",5808.00,W,N,A,-,N,,,,,,,,,,Y,2,0,1,1,C,-,18,,,N,G,B,A,A,H,-,A,D,0,,,,,Y,,-,"- ",1,0,0,0,0,0,0,0,0,"- ","- ",37.593471527099609,-119.96076965332031,MARIPOSA,UNINCORPORATED,-119.95718383789062,37.617721557617188
91441167,2021,2021-04-05,9455,2021-03-24,2210,021295,,3,3,9,2200,0,3,5,,2,010,"OLD HIGHWAY RD","MORMON BAR XING",150.00,N,N,A,-,N,,,,,,,,,,Y,2,0,1,1,A,-,01,23152,A,N,E,I,A,A,H,-,D,D,0,,,,,Y,Y,D,22,1,0,0,0,0,0,0,0,0,"- ","- ",37.461200714111328,-119.95149993896484,MARIPOSA,UNINCORPORATED,-119.95259094238281,37.460918426513672
91638714,2021,2021-11-30,9455,2021-11-23,1305,016876,,2,1,9,2200,0,1,3,,1,005,SR-49,"TRIANGLE RD",0.00,,Y,A,-,Y,,,49,,,,,,,Y,2,0,3,2,A,-,01,23152,A,N,D,C,A,A,H,-,A,A,0,,,,,Y,Y,A,01,1,0,2,0,0,0,0,0,0,"- ","- ",37.461761474609375,-119.79393768310547,MARIPOSA,UNINCORPORATED,-119.79393768310547,37.461734771728516
91648871,2021,2021-12-10,9456,2021-12-09,0820,018970,,4,1,9,2200,0,1,3,,2,055,SR-41,"SUMMIT RD",600.00,N,N,D,-,Y,,,41,,,,,,,Y,2,0,1,2,A,-,03,22350,,N,C,C,A,C,H,-,A,D,0,,,,,Y,,A,07,1,0,0,0,0,0,0,0,0,"- ","- ",37.476070404052734,-119.63755035400391,MARIPOSA,UNINCORPORATED,-119.63764190673828,37.476116180419922
94536847,2025,2025-01-14,9425,2025-01-09,1400,019287,,4,2,9,2200,0,1,3,,1,054,SR-132,"MARY HARRISON MINE RD",510.00,E,N,A,-,Y,MPA,,132," "," ",18.447,H,,R,Y,2,0,1,1,A,-,01,23152,A,N,E,8,A,A,H,-,A,D,0,,,,,Y,Y,-,"- ",1,0,0,0,0,0,0,0,0,"- ","- ",37.707180023193359,-120.19985961914062,MARIPOSA,UNINCORPORATED,-120.19985198974609,37.707237243652344
92309565,2024,2024-02-08,9455,2024-01-28,2215,020156,,7,3,9,2200,0,1,3,,1,004,SR-49,SR-140,528.00,N,N,A,-,Y,MPA,,49," "," ",18.576,H,,R,Y,2,0,3,1,A,-,01,23152,A,N,E,I,A,A,H,-,C,D,0,,,,,Y,Y,A,07,1,2,0,0,0,0,0,0,0,"- ","- ",37.492839813232422,-119.97399139404297,MARIPOSA,UNINCORPORATED,-119.97400665283203,37.492950439453125
92122341,2023,2023-07-20,9455,2023-07-09,1607,018939,,7,2,9,2200,0,1,3,,1,001,"RT 140","MCCORRY RD",4224.00,E,N,A,-,Y,MPA,,140," "," ",0.793,H,,R,Y,2,0,2,2,A,-,05,21460,C,N,A,C,A,A,H,-,A,D,0,,,,,Y,,-,"- ",1,0,1,0,0,0,0,0,0,"- ","- ",37.347709655761719,-120.20821380615234,MARIPOSA,UNINCORPORATED,-120.20821380615234,37.347713470458984
92419364,2024,2025-01-24,9455,2024-06-10,1155,020097,,1,1,9,2200,0,1,3,,1,001,"SR-140 E/B","HORNITOS RD",0.00,,Y,B,-,Y,MPA,,140," "," ",9.493,H,,R,Y,1,1,2,3,A,-,09,21802,A,N,D,C,A,A,H,-,A,A,0,,,,Y,Y,,A,01,1,1,0,0,0,0,0,0,0,"- ","- ",37.431900024414062,-120.09854125976562,MARIPOSA,UNINCORPORATED,-120.09859466552734,37.431941986083984
91245608,2020,2020-06-01,9425,2020-05-25,1452,017403,,1,2,9,2200,0,3,5,,1,005,"MERCED FALLS RD","CORONADO DR",26400.00,S,N,A,-,N,,,,,,,,,,Y,2,0,1,1,A,-,01,23152,A,N,F,A,A,A,H,-,A,D,0,,,Y,,Y,Y,C,02,1,0,0,0,0,0,0,0,1,"- ","- ",37.565418243408203,-120.32586669921875,MARIPOSA,UNINCORPORATED,-120.32491302490234,37.566234588623047
91561152,2021,2021-09-02,9455,2021-08-24,0950,016876,,2,1,9,2200,0,1,3,,1,005,SR-49,"STUMPFIELD MOUNTAIN RD",255.00,S,N,A,-,N,,,,,,,,,,Y,2,0,3,3,A,-,03,22350,,N,C,C,A,A,D,-,A,A,0,,,,Y,Y,,D,22,2,1,0,0,0,0,0,0,0,"- ","- ",37.452449798583984,-119.80478668212891,MARIPOSA,UNINCORPORATED,-119.80637359619141,37.45672607421875
91297454,2020,2020-09-02,9455,2020-08-23,1530,018939,,7,2,9,2200,0,3,5,,2,009,"MOUNT BULLION CUT OFF RD","RT 140",3168.00,N,N,A,-,N,,,,,,,,,,Y,2,0,1,1,A,-,08,22107,,N,E,I,A,A,H,-,A,D,0,,,Y,,Y,,C,02,1,0,0,0,0,0,0,0,1,"- ","- ",37.483600616455078,-120.05840301513672,MARIPOSA,UNINCORPORATED,-120.05886840820312,37.483806610107422
91040082,2019,2019-07-29,9455,2019-07-21,1730,021563,,7,2,9,2200,0,1,3,,1,002,SR-140,"GROSJEAN RD",1584.00,W,N,A,-,Y,,,140,,,,,,,Y,2,0,1,1,A,-,08,22107,,N,E,I,A,A,H,-,A,D,0,,,Y,,Y,,C,02,1,0,0,0,0,0,0,0,1,"- ","- ",37.50775146484375,-119.96665191650391,MARIPOSA,UNINCORPORATED,-119.96656036376953,37.507732391357422
91697126,2022,2022-02-09,9455,2022-02-01,1740,018939,,2,2,9,2200,0,1,3,,1,001,SR-140,"OLD HIGHWAY",15840.00,W,N,A,-,Y,MPA,,140,,,4.007,H,,R,Y,2,0,1,1,A,-,08,22107,,N,E,I,A,A,H,-,D,D,0,,,Y,,Y,,C,02,1,0,0,0,0,0,0,0,1,"- ","- ",37.376750946044922,-120.16787719726562,MARIPOSA,UNINCORPORATED,-120.16786956787109,37.376747131347656
90908959,2019,2019-01-22,9455,2019-01-15,1835,018939,,2,2,9,2200,0,1,3,,1,005,SR-49,"3RD ST",475.00,S,N,C,-,Y,,,49,,,,,,,Y,2,0,2,2,A,-,05,21460,A,N,A,C,A,B,H,-,D,D,0,,,,,Y,,A,08,1,0,1,0,0,0,0,0,0,"- ","- ",37.481700897216797,-119.96209716796875,MARIPOSA,UNINCORPORATED,-119.96214294433594,37.481647491455078
91236769,2020,2020-05-12,9425,2020-05-02,1215,017461,,6,1,9,2200,0,1,3,,1,053,SR-49,"SCHILLING RD",8976.00,S,N,A,-,Y,,,,,,,,,,Y,2,0,1,2,A,-,08,22107,,N,F,A,A,A,H,-,A,D,0,,,Y,,Y,,C,02,1,0,0,0,0,0,0,0,1,"- ","- ",37.630428314208984,-120.15106201171875,MARIPOSA,UNINCORPORATED,-120.14641571044922,37.643630981445312
6659693,2014,2014-10-17,9455,2014-09-27,1930,019417,,6,2,9,2200,0,3,5,,2,009,"HORNITOS RD","LA PALOMA RD",2112.00,N,N,B,-,N,,,,,,,,,,Y,2,0,1,1,A,-,01,23152,A,N,E,I,A,A,H,-,B,D,0,,,,,Y,Y,A,07,1,0,0,0,0,0,0,0,0,"- ","- ",37.483669999999996,-120.26649,MARIPOSA,UNINCORPORATED,-120.26603776,37.483807910000003
91056646,2019,2019-08-21,9425,2019-08-17,1355,017461,,6,1,9,2200,0,3,5,,1,005,"SMITH STATION RD","JORDAN CREEK RD",1584.00,S,N,A,-,N,,,,,,,,,,Y,2,0,1,1,A,-,08,22107,,N,E,I,A,A,H,-,A,D,0,,,,,Y,,A,07,1,0,0,0,0,0,0,0,0,"- ","- ",37.785430908203125,-120.11179351806641,MARIPOSA,UNINCORPORATED,-120.11219787597656,37.785511016845703
90321302,2016,2016-11-16,9455,2016-11-11,1730,020377,,5,2,9,2200,0,3,5,,2,010,"4995 5TH STREET","STATE HIGHWAY 140",130.00,S,N,A,-,N,,,,,,,,,,N,2,0,2,3,B,-,22,,,N,G,B,F,A,H,-,D,D,0,Y,,,,Y,,A,01,1,1,0,0,2,0,0,0,0,"- ","- ",37.484529999999999,-119.96429000000001,MARIPOSA,UNINCORPORATED,-119.96517602,37.484044429999997
91314972,2020,2020-09-30,9455,2020-09-26,0100,021295,,6,3,9,2200,0,3,5,,2,009,"OLD TOLL RD",SR-49,5280.00,W,N,A,-,N,,,,,,,,,,Y,2,0,1,1,A,-,08,22107,,N,F,A,A,A,H,-,D,D,0,,,Y,,Y,,C,02,1,0,0,0,0,0,0,0,1,"- ","- ",37.506301879882812,-120.06210327148438,MARIPOSA,UNINCORPORATED,-120.06178283691406,37.506637573242188
90825909,2018,2018-10-01,9425,2018-09-23,1028,017403,,7,1,9,2200,0,3,5,,1,005,"SMITH STATION RD","RED FLAT RD",1584.00,W,N,A,-,N,,,,,,,,,,Y,2,0,1,2,A,-,05,21460,A,N,B,C,A,A,H,-,A,D,0,,,Y,,Y,,C,02,1,0,0,0,0,0,0,0,1,"- ","- ",37.755950927734375,-120.09951782226562,MARIPOSA,UNINCORPORATED,-120.10697937011719,37.761245727539062
90689782,2018,2018-03-26,9425,2018-03-23,0552,016886,,5,3,9,2200,0,3,5,,1,005,"RANCHITO DRIVE","CARRILLO WAY",212.00,W,N,A,-,N,,,,,,,,,,Y,2,0,1,1,A,-,03,22350,,N,E,I,A,A,C,G,D,A,0,,,,,Y,,D,22,1,0,0,0,0,0,0,0,0,"- ","- ",37.630470275878906,-120.35350036621094,MARIPOSA,UNINCORPORATED,-120.35348510742188,37.6304931640625