CASE_ID,ACCIDENT_YEAR,PROC_DATE,JURIS,COLLISION_DATE,COLLISION_TIME,OFFICER_ID,REPORTING_DISTRICT,DAY_OF_WEEK,CHP_SHIFT,POPULATION,CNTY_CITY_LOC,SPECIAL_COND,BEAT_TYPE,CHP_BEAT_TYPE,CITY_DIVISION_LAPD,CHP_BEAT_CLASS,BEAT_NUMBER,PRIMARY_RD,SECONDARY_RD,DISTANCE,DIRECTION,INTERSECTION,WEATHER_1,WEATHER_2,STATE_HWY_IND,CALTRANS_COUNTY,CALTRANS_DISTRICT,STATE_ROUTE,ROUTE_SUFFIX,POSTMILE_PREFIX,POSTMILE,LOCATION_TYPE,RAMP_INTERSECTION,SIDE_OF_HWY,TOW_AWAY,COLLISION_SEVERITY,NUMBER_KILLED,NUMBER_INJURED,PARTY_COUNT,PRIMARY_COLL_FACTOR,PCF_CODE_OF_VIOL,PCF_VIOL_CATEGORY,PCF_VIOLATION,PCF_VIOL_SUBSECTION,HIT_AND_RUN,TYPE_OF_COLLISION,MVIW,PED_ACTION,ROAD_SURFACE,ROAD_COND_1,ROAD_COND_2,LIGHTING,CONTROL_DEVICE,CHP_ROAD_TYPE,PEDESTRIAN_ACCIDENT,BICYCLE_ACCIDENT,MOTORCYCLE_ACCIDENT,TRUCK_ACCIDENT,NOT_PRIVATE_PROPERTY,ALCOHOL_INVOLVED,STWD_VEHTYPE_AT_FAULT,CHP_VEHTYPE_AT_FAULT,COUNT_SEVERE_INJ,COUNT_VISIBLE_INJ,COUNT_COMPLAINT_PAIN,COUNT_PED_KILLED,COUNT_PED_INJURED,COUNT_BICYCLIST_KILLED,COUNT_BICYCLIST_INJURED,COUNT_MC_KILLED,COUNT_MC_INJURED,PRIMARY_RAMP,SECONDARY_RAMP,LATITUDE,LONGITUDE,COUNTY,CITY,POINT_X,POINT_Y
91057249,2019,2019-08-22,9455,2019-08-20,1630,018215,,2,2,9,2200,0,1,3,,1,001,SR-140,"OLD HWY",3168.00,W,N,A,-,Y,,,140,,,,,,,Y,2,0,1,1,A,-,08,22107,,N,E,I,A,A,H,-,A,D,0,,,Y,,Y,,C,02,1,0,0,0,0,0,0,0,1,"- ","- ",37.397689819335938,-120.13861846923828,MARIPOSA,UNINCORPORATED,-120.13863372802734,37.397724151611328
91605556,2021,2021-10-25,9425,2021-10-21,0825,016886,,4,1,9,2200,0,3,5,,1,005,"DEXTER ROAD","K ROAD",116.00,W,N,B,-,N,,,,,,,,,,Y,2,0,1,1,A,-,08,22107,,N,E,I,A,B,H,-,A,D,0,,,,,Y,,A,07,1,0,0,0,0,0,0,0,0,"- ","- ",37.771759033203125,-120.16396331787109,MARIPOSA,UNINCORPORATED,-120.164306640625,37.771579742431641
6666145,2014,2014-12-26,9455,2014-10-12,1620,18923,,7,2,9,2200,0,1,3,,1,005,"RT 49","SEBASTOPOL RD",528.00,N,N,A,-,Y,,,,,,,,,,Y,2,0,1,1,A,-,08,22107,,N,E,I,A,A,H,-,A,D,0,,,,,Y,,D,22,1,0,0,0,0,0,0,0,0,"- ","- ",,,MARIPOSA,UNINCORPORATED,-119.89417983,37.46321236
90647182,2018,2018-01-25,9455,2018-01-23,1330,015656,,2,1,9,2200,0,3,5,,2,010,"HARRIS CUT-OFF RD.","SPECKLED CT.",570.00,N,N,A,-,N,,,,,,,,,,N,2,0,1,1,A,-,03,22350,,N,E,I,A,A,H,-,A,D,0,,Y,,,Y,,L,04,1,0,0,0,0,0,1,0,0,"- ","- ",37.467350006103516,-119.73838043212891,MARIPOSA,UNINCORPORATED,-119.73838043212891,37.467178344726562
91536531,2021,2021-08-04,9455,2021-07-28,1513,018939,,3,2,9,2200,0,3,5,,2,009,"HOSPITAL RD","ST ANDREWS RD",0.00,,Y,A,-,N,,,,,,,,,,Y,2,0,2,2,A,-,09,21801,A,N,A,C,A,A,H,-,A,A,0,,,,,Y,,A,07,1,0,1,0,0,0,0,0,0,"- ","- ",37.499568939208984,-119.97660827636719,MARIPOSA,UNINCORPORATED,-119.97658538818359,37.499553680419922
90563178,2017,2017-10-04,9455,2017-09-29,1905,019417,,5,2,9,2200,0,1,3,,1,004,SR-49,"SMITH RD",1056.00,S,N,B,-,Y,,,49,,,,,,,N,2,0,1,1,C,-,18,,,N,H,H,A,A,H,-,D,D,0,,,Y,,Y,,-,"- ",1,0,0,0,0,0,0,0,1,"- ","- ",37.494129999999998,-119.97784,MARIPOSA,UNINCORPORATED,-119.97785121,37.494115260000001
92202597,2023,2023-10-18,9425,2023-06-14,1855,016886,,3,2,9,2200,0,3,5,,1,005,"GREELEY HILL ROAD","PRIEST COULTERVILLE ROAD",6072.00,E,N,A,-,N,,,,,,,,,,Y,1,1,0,1,A,-,08,22107,,N,F,A,A,A,H,-,A,D,0,,,Y,,Y,,C,02,0,0,0,0,0,0,0,1,0,"- ","- ",37.736759185791016,-120.17813873291016,MARIPOSA,UNINCORPORATED,-120.18682098388672,37.735149383544922
90264003,2016,2016-09-08,9425,2016-09-02,1420,017461,,5,2,9,2200,0,1,3,,1,053,SR-49,"CROWN LEAD RD",5808.00,S,N,A,-,Y,,,,,,,,,,Y,2,0,1,1,A,-,03,22350,,N,F,A,A,A,H,-,A,D,0,,,Y,,Y,,C,02,1,0,0,0,0,0,0,0,1,"- ","- ",37.4238,-120.11490000000001,MARIPOSA,UNINCORPORATED,-120.17345822,37.681198340000002
91471674,2021,2021-05-12,9425,2021-05-03,1500,017403,,1,2,9,2200,0,3,5,,1,005,"MERCED FALLS RD","CORONADO DR",9504.00,S,N,A,-,N,,,,,,,,,,Y,2,0,1,1,A,-,08,22107,,N,F,A,A,A,H,-,A,D,0,,,Y,,Y,,C,02,1,0,0,0,0,0,0,0,1,"- ","- ",37.603771209716797,-120.30711364746094,MARIPOSA,UNINCORPORATED,-120.30712890625,37.603523254394531
90435661,2017,2017-04-17,9425,2017-04-07,1100,017461,,5,1,9,2200,0,1,3,,1,053,SR-49,"SCHILLING RD",8976.00,S,N,B,C,Y,,,49,,,,,,,Y,2,0,4,1,A,-,08,22107,,N,F,A,A,B,H,-,A,D,0,,,,,Y,,A,01,1,2,1,0,0,0,0,0,0,"- ","- ",37.710999999999999,-120.1977,MARIPOSA,UNINCORPORATED,-120.19755734,37.711128189999997
90839059,2018,2018-10-18,9425,2018-10-12,2222,016886,,5,3,9,2200,0,3,5,,1,005,"GREELEY HILL ROAD","DOGTOWN ROAD (WEST)",2112.00,E,N,A,-,N,,,,,,,,,,Y,2,0,1,1,A,-,01,23152,A,N,E,I,A,A,H,-,D,D,0,,,,,Y,Y,A,07,1,0,0,0,0,0,0,0,0,"- ","- ",37.719268798828125,-120.18721008300781,MARIPOSA,UNINCORPORATED,-120.18734741210938,37.719161987304688
5912177,2014,2014-02-13,9455,2014-01-28,1544,13051,,2,2,9,2200,0,1,3,,1,002,"RT 140","GROSJEAN RD",346.00,W,N,A,-,Y,MPA,10,140,-,-,23.550,H,-,W,Y,1,2,0,2,A,-,05,21460,A,N,A,C,A,A,H,-,A,D,0,,,,,Y,,A,07,0,0,0,0,0,0,0,0,0,"- ","- ",,,MARIPOSA,UNINCORPORATED,-119.96378214000001,37.510604299999997
91226234,2020,2020-04-16,9425,2020-04-04,1850,017461,,6,2,9,2200,0,1,3,,1,054,SR-132,"OLD HWY 49",9504.00,W,N,B,C,Y,,,132,,,,,,,Y,2,0,2,1,A,-,08,22107,,N,F,A,A,B,H,-,A,D,0,,,,,Y,,A,07,2,0,0,0,0,0,0,0,0,"- ","- ",37.707389831542969,-120.22550964355469,MARIPOSA,UNINCORPORATED,-120.22592163085938,37.707443237304688
94406613,2024,2024-09-24,9455,2024-09-19,1025,019500,,4,1,9,2200,0,1,3,,1,004,SR-49,"MOUNT OPHIR RD.",7920.00,N,N,A,-,Y,MPA,,49," "," ",26.904,H,,R,Y,2,0,2,1,A,-,08,22107,,N,E,I,A,A,H,-,A,D,0,,,,,Y,,-,"- ",1,1,0,0,0,0,0,0,0,"- ","- ",37.540931701660156,-120.09285736083984,MARIPOSA,UNINCORPORATED,-120.09270477294922,37.541038513183594
90356553,2016,2016-12-28,9455,2016-12-21,1515,018215,,3,2,9,2200,0,1,3,,1,004,SR-49,"MYKLEOAKS RD",0.00,,Y,A,-,Y,,,,,,,,,,Y,2,0,2,3,A,-,03,22350,,N,C,C,A,A,H,-,A,D,0,,,,,Y,,D,22,2,0,0,0,0,0,0,0,0,"- ","- ",,,MARIPOSA,UNINCORPORATED,-120.00952997,37.506109940000002
91020735,2019,2019-06-28,9455,2019-06-23,1900,021563,,7,2,9,2200,0,1,3,,1,003,SR-140,"CRANE CREEK RD",505.00,E,N,A,-,Y,,,140,,,,,,,Y,2,0,1,1,A,-,01,23152,A,N,E,I,A,A,H,-,A,D,0,,,,,Y,Y,A,01,1,0,0,0,0,0,0,0,0,"- ","- ",37.677009582519531,-119.77533721923828,MARIPOSA,UNINCORPORATED,-119.77531433105469,37.676937103271484
6723934,2014,2015-01-16,9425,2014-11-27,1130,017461,,4,1,9,2200,0,1,3,,1,053,"RT 49","MARY HARRISON MINE RD",3168.00,S,N,A,-,Y,,,49,,,,,,,Y,2,0,1,1,A,-,03,22350,,N,F,A,A,A,H,-,A,D,0,,,Y,,Y,,C,02,1,0,0,0,0,0,0,0,1,"- ","- ",37.710799999999999,-120.1974,MARIPOSA,UNINCORPORATED,-120.1973282,37.710857019999999
90601095,2017,2017-12-15,9425,2017-10-17,1816,017403,,2,2,9,2200,0,1,3,,1,054,SR-132,"PINEY CREEK RD",1584.00,W,N,A,-,Y,,,132,,,,,,,Y,1,2,1,1,A,-,01,23152,A,N,F,A,A,A,H,-,A,D,0,,,,,Y,Y,A,08,0,1,0,0,0,0,0,0,0,"- ","- ",37.70308,-120.30014,MARIPOSA,UNINCORPORATED,-120.30013717,37.703084779999998
91241252,2020,2020-05-22,9455,2020-05-16,1445,019500,,6,2,9,2200,0,1,3,,1,001,SR-140,"UPPER TROWER RD.",1584.00,W,N,A,-,Y,,,140,,,,,,,Y,2,0,1,2,A,-,05,21460,A,N,B,C,A,A,H,-,A,D,0,,,Y,,Y,,C,02,1,0,0,0,0,0,0,0,1,"- ","- ",37.446479797363281,-120.073486328125,MARIPOSA,UNINCORPORATED,-120.07350158691406,37.446487426757812
91944654,2022,2022-12-16,9455,2022-12-09,1748,019838,,5,2,9,2200,0,1,3,,1,003,SR-140,"SMITH ROAD",2112.00,E,N,A,-,Y,MPA,,140,,,22.717,H,,R,Y,2,0,1,1,C,-,18,,,N,E,I,A,A,H,-,D,D,0,,,,,Y,,-,"- ",1,0,0,0,0,0,0,0,0,"- ","- ",37.501049041748047,-119.97119903564453,MARIPOSA,UNINCORPORATED,-119.97120666503906,37.500980377197266
6431059,2014,2015-12-30,9456,2014-03-26,1358,017711,,3,1,9,2200,0,1,3,,2,055,"RT 41","SUMMIT RD",600.00,N,N,B,D,Y,MPA,6,41,-,-,3.210,H,-,N,Y,2,0,2,1,A,-,03,22350,,N,E,I,A,C,H,-,A,D,0,,,,,Y,,A,01,1,0,1,0,0,0,0,0,0,"- ","- ",37.475920000000002,-119.63773,MARIPOSA,UNINCORPORATED,-119.63761217,37.476173609999996
90730501,2018,2018-07-09,9455,2018-05-07,1115,020097,,1,1,9,2200,0,1,3,,1,002,SR-140,"PONDEROSA WAY",1166.00,W,N,A,-,Y,,,,,,,,,,Y,1,1,0,2,A,-,09,21804,A,N,D,C,A,A,H,-,A,D,0,,,,Y,Y,,D,22,0,0,0,0,0,0,0,0,0,"- ","- ",37.333278656005859,-119.5555419921875,MARIPOSA,UNINCORPORATED,-119.93845367431641,37.563011169433594
6439370,2014,2016-01-29,9455,2014-03-17,1815,018600,,1,2,9,2200,0,1,3,,1,003,"RT 140","BULL CREEK RD",1056.00,E,N,A,-,Y,MPA,10,140,-,-,34.330,H,-,E,Y,2,0,1,1,A,-,08,22107,,N,E,I,A,A,H,-,A,D,0,,,,,Y,,A,01,1,0,0,0,0,0,0,0,0,"- ","- ",,,MARIPOSA,UNINCORPORATED,-119.9637381,37.60787328
90549116,2017,2017-09-15,9455,2017-09-13,1500,020377,,3,2,9,2200,0,1,3,,1,002,"STATE HIGHWAY 140","EAST WHITLOCK ROAD",528.00,W,N,A,-,Y,,,140,,,,,,,Y,2,0,1,1,A,-,08,22107,,N,E,I,A,A,H,-,A,D,0,,,,,Y,,D,22,1,0,0,0,0,0,0,0,0,"- ","- ",37.513530000000003,-119.96093999999999,MARIPOSA,UNINCORPORATED,-119.96092029,37.513495349999999
91906602,2022,2022-11-01,9455,2022-10-25,2030,018869,,2,2,9,2200,0,1,3,,1,001,SR140,"OLD HIGHWAY",6336.00,W,N,A,-,Y,MPA,,140,,,5.784,H,,R,N,2,0,1,1,A,-,08,22107,,N,F,A,A,A,D,-,D,A,0,,,Y,,Y,,C,02,1,0,0,0,0,0,0,0,1,"- ","- ",37.395980834960938,-120.14540100097656,MARIPOSA,UNINCORPORATED,-120.14540863037109,37.395988464355469
91386246,2020,2021-01-15,9455,2020-10-23,2300,021563,,5,3,9,2200,0,1,3,,1,005,SR-49,"WATT RD EXT",67.00,S,N,A,-,Y,,,49,,,,,,,Y,1,1,0,1,A,-,01,23152,G,N,E,I,A,A,H,-,D,D,0,,,,,Y,Y,D,22,0,0,0,0,0,0,0,0,0,"- ","- ",37.454319000244141,-119.76747894287109,MARIPOSA,UNINCORPORATED,-119.76750946044922,37.454257965087891
91606818,2021,2021-10-26,9455,2021-10-15,1610,018939,,5,2,9,2200,0,1,3,,1,004,"SR 49","BAGBY BRIDGE",6864.00,W,N,A,-,Y,,,49,,,,,,,Y,2,0,1,1,A,-,08,22107,,N,F,A,A,A,H,-,A,D,0,,,Y,,Y,,C,02,1,0,0,0,0,0,0,0,1,"- ","- ",37.594440460205078,-120.12906646728516,MARIPOSA,UNINCORPORATED,-120.12903594970703,37.594444274902344
92431400,2024,2024-07-05,9455,2024-06-22,"610 ",020123,,6,1,9,2200,0,1,3,,1,002,SR-140,"RANCHERIA CREEK",1584.00,W,N,A,-,Y,MPA,,140," "," ",32.081,H,,R,Y,2,0,4,2,A,-,05,21651,B,N,A,C,A,A,H,-,A,D,0,,,,,Y,,A,07,2,2,0,0,0,0,0,0,0,"- ","- ",37.58551025390625,-119.96222686767578,MARIPOSA,UNINCORPORATED,-119.96222686767578,37.585514068603516
92431577,2024,2024-07-05,9455,2024-06-27,"630 ",020123,,4,1,9,2200,0,3,5,,2,010,"YAQUI GULCH ROAD","STATE HIGHWAY 140",2640.00,S,N,A,-,N,,,,,,,,,,Y,2,0,1,1,A,-,08,22107,,N,E,I,A,A,H,-,A,D,0,,,,,Y,,D,22,1,0,0,0,0,0,0,0,0,"- ","- ",37.473911285400391,-120.00550842285156,MARIPOSA,UNINCORPORATED,-120.00626373291016,37.474952697753906
6887596,2015,2015-04-24,9455,2015-04-03,1825,18137,,5,2,9,2200,0,3,5,,2,010,"TRIANGLE RD","EAST WESTFALL RD",1056.00,S,N,A,-,N,,,,,,,,,,Y,2,0,1,2,A,-,05,21650,1,N,A,G,A,A,H,-,A,D,0,,Y,,,Y,Y,L,04,1,0,0,0,0,0,1,0,0,"- ","- ",,,MARIPOSA,UNINCORPORATED,-119.81074820000001,37.497850489999998
90592261,2017,2017-11-13,9455,2017-11-05,0835,021143,,7,1,9,2200,0,1,3,,1,005,SR-49,"TRIANGLE RD",627.00,N,N,B,-,Y,,,49,,,,,,,Y,2,0,1,1,A,-,08,22107,,N,E,I,A,A,H,-,A,D,0,,,,,Y,,A,07,1,0,0,0,0,0,0,0,0,"- ","- ",37.461550000000003,-119.79573000000001,MARIPOSA,UNINCORPORATED,-119.79571446999999,37.461499510000003
91340103,2020,2020-11-05,9425,2020-10-29,1915,017461,,4,2,9,2200,0,1,3,,1,054,SR132,"JOSEFINA WAY",200.00,W,N,A,-,Y,,,132,,,,,,,N,2,0,1,1,C,-,18,,,N,E,H,A,A,H,-,D,D,0,,,Y,,Y,,-,"- ",1,0,0,0,0,0,0,0,1,"- ","- ",37.672248840332031,-120.36636352539062,MARIPOSA,UNINCORPORATED,-120.36628723144531,37.672229766845703
92042281,2023,2023-04-11,9455,2023-03-29,1910,018869,,3,2,9,2200,0,1,3,,1,004,"STATE ROUTE 49 (GOLDEN CHAIN HIGHWAY)","AGUA FRIA ROAD",150.00,S,N,B,C,Y,MPA,,49," "," ",22.698,H,,R,Y,1,1,2,2,A,-,03,22350,,N,A,C,A,C,H,-,D,D,0,,,,,Y,,A,01,0,2,0,0,0,0,0,0,0,"- ","- ",37.505771636962891,-120.03890228271484,MARIPOSA,UNINCORPORATED,-120.03891754150391,37.50579833984375
90533675,2017,2017-09-12,9455,2017-08-13,0025,020377,,7,3,9,2200,0,3,5,,2,010,"SILVA RD","GOIN'S ROAD",63.00,N,N,A,-,N,,,,,,,,,,Y,1,1,1,1,A,-,01,23152,A,N,E,I,A,A,H,-,D,D,0,,,,,Y,Y,A,01,0,1,0,0,0,0,0,0,0,"- ","- ",37.471580000000003,-119.90024,MARIPOSA,UNINCORPORATED,-119.90024,37.471580000000003
6863627,2015,2016-05-09,9455,2015-03-13,1135,20126,,5,1,9,2200,0,1,3,,1,004,"RT 49","BEAR VALLEY RD",5808.00,N,N,A,-,Y,MPA,10,49,-,-,30.450,H,-,S,Y,2,0,1,1,A,-,08,22107,,N,E,I,A,A,H,-,A,D,0,,,Y,,Y,,C,02,1,0,0,0,0,0,0,0,1,"- ","- ",,,MARIPOSA,UNINCORPORATED,-120.12151919,37.583614470000001
90726047,2018,2018-06-08,9425,2018-05-07,1528,017403,,1,2,9,2200,0,1,3,,1,053,SR-49,"PENON BLANCO RD",528.00,N,N,A,-,Y,,,49,,,,,,,Y,2,0,2,2,A,-,08,22107,,N,D,C,A,A,H,-,A,D,0,,,Y,,Y,,C,02,2,0,0,0,0,0,0,0,2,"- ","- ",37.736419677734375,-120.23059844970703,MARIPOSA,UNINCORPORATED,-120.23061370849609,37.736396789550781
94476746,2024,2024-11-20,9425,2024-11-16,1104,016886,,6,1,9,2200,0,1,3,,1,054,"STATE ROUTE 132","JALAPA WAY EAST",479.00,E,N,A,-,Y,MPA,,132," "," ",3.758,H,,R,Y,2,0,1,1,A,-,08,22107,,N,F,0,A,A,H,-,A,A,0,,,Y,,Y,,C,02,1,0,0,0,0,0,0,0,1,"- ","- ",37.676658630371094,-120.364990234375,MARIPOSA,UNINCORPORATED,-120.36502075195312,37.676673889160156
90173056,2016,2016-05-04,9455,2016-04-05,1305,016876,,2,1,9,2200,0,1,3,,1,003,SR-140,"BULL CREEK BRIDGE",7392.00,E,N,A,-,Y,,,140,,,,,,,Y,1,2,1,2,A,-,01,23152,A,N,A,C,A,A,H,-,A,A,0,,,,,Y,Y,A,07,1,0,0,0,0,0,0,0,0,"- ","- ",37.621899999999997,-119.9547,MARIPOSA,UNINCORPORATED,-119.95475836,37.621934490000001
91743222,2022,2022-04-07,9455,2022-04-03,1510,018939,,7,2,9,2200,0,1,3,,1,001,"RT 140","MARTIN RD",1056.00,W,N,A,-,Y,MPA,,140,,,19.229,H,,R,Y,2,0,1,1,A,-,08,22107,,N,E,I,A,A,H,-,A,D,0,,,Y,,Y,,C,02,1,0,0,0,0,0,0,0,1,"- ","- ",37.47821044921875,-119.97917938232422,MARIPOSA,UNINCORPORATED,-119.97914886474609,37.478153228759766
91792128,2022,2022-06-09,9425,2022-05-27,1445,016886,,5,2,9,2200,0,1,3,,1,053,"STATE ROUTE 49","SCHILLING ROAD NORTH",43.00,S,N,A,-,Y,MPA,,49,,,39.310,H,,R,N,2,0,1,1,A,-,08,22107,,N,E,I,A,A,H,-,A,D,0,,,Y,,Y,,C,02,1,0,0,0,0,0,0,0,1,"- ","- ",37.661788940429688,-120.14737701416016,MARIPOSA,UNINCORPORATED,-120.14729309082031,37.661838531494141
90252616,2016,2016-08-25,9455,2016-08-20,1410,019417,,6,2,9,2200,0,1,3,,1,001,SR-140,"OWENS CREEK RD",11880.00,E,N,A,-,Y,,,140,,,,,,,N,2,0,1,1,A,-,08,22107,,N,F,A,A,A,H,-,A,D,0,,,Y,,Y,,C,02,1,0,0,0,0,0,0,0,1,"- ","- ",37.360169999999997,-120.17943,MARIPOSA,UNINCORPORATED,-120.17942797000001,37.360166929999998
90820956,2018,2018-09-25,9425,2018-09-21,1315,016886,,5,1,9,2200,0,1,3,,1,053,SR-49,"SCHILLING ROAD",2640.00,S,N,A,-,Y,,,49,,,,,,,Y,2,0,1,1,A,-,08,22107,,N,E,I,A,A,H,-,A,D,0,,,Y,,Y,,C,02,1,0,0,0,0,0,0,0,1,"- ","- ",37.654819488525391,-120.14936065673828,MARIPOSA,UNINCORPORATED,-120.14944458007812,37.654819488525391
92122032,2023,2023-07-20,9425,2023-07-13,2040,016886,,4,2,9,2200,0,3,5,,1,005,"MERCED FALLS ROAD","MARIPOSA/MERCED COUNTY LINE",524.00,N,N,A,-,N,,,,,,,,,,Y,2,0,1,1,A,-,08,22107,,N,F,A,A,A,H,-,B,D,0,,,Y,,Y,,C,02,1,0,0,0,0,0,0,0,1,"- ","- ",37.540901184082031,-120.32945251464844,MARIPOSA,UNINCORPORATED,,
90669232,2018,2018-02-26,9425,2018-02-21,2330,017461,,3,3,9,2200,0,3,5,,1,005,"GREELEY HILL RD","OLD GREELEY HILL ROAD",5808.00,W,N,A,-,N,,,,,,,,,,Y,2,0,4,1,A,-,08,22107,,N,E,I,A,A,H,-,D,D,0,,,,,Y,,A,07,2,0,2,0,0,0,0,0,0,"- ","- ",37.733501434326172,-120.18769836425781,MARIPOSA,UNINCORPORATED,-120.17844390869141,37.737953186035156
91315274,2020,2020-09-30,9425,2020-09-25,1520,016886,,5,2,9,2200,0,3,5,,1,005,1S15,"JORDAN CREEK ROAD",1320.00,N,N,A,-,N,,,,,,,,,,N,2,0,1,1,A,-,08,22107,,N,E,I,A,A,H,-,A,D,0,,,Y,,Y,,C,02,1,0,0,0,0,0,0,0,1,"- ","- ",37.771381378173828,-120.08242797851562,MARIPOSA,UNINCORPORATED,,
91445495,2021,2021-04-07,9455,2021-03-28,1335,018939,,7,1,9,2200,0,1,3,,1,005,"SR 49","BEAR VALLEY RD",1056.00,N,N,A,-,Y,,,49,,,,,,,Y,2,0,1,1,A,-,03,22350,,N,F,A,A,A,H,-,A,D,0,,,Y,,Y,,C,02,1,0,0,0,0,0,0,0,1,"- ","- ",37.571300506591797,-120.11940002441406,MARIPOSA,UNINCORPORATED,-120.11943054199219,37.571323394775391
6752562,2014,2015-02-05,9455,2014-12-29,0909,020126,,1,1,9,2200,0,1,3,,1,002,"RT 140","BEAR CREEK BRIDGE #40-04",3696.00,E,N,A,-,Y,,,,,,,,,,Y,2,0,5,2,A,-,03,22350,,N,A,C,A,A,H,-,A,D,0,,,,,Y,,A,01,1,2,2,0,0,0,0,0,0,"- ","- ",,,MARIPOSA,UNINCORPORATED,,
90467905,2017,2017-09-12,9455,2017-05-17,1815,019417,,3,2,9,2200,0,1,3,,1,001,SR-140,"OLD HWY",22704.00,W,N,A,-,Y,,,,,,,,,,Y,1,1,2,2,A,-,05,21460,A,N,A,C,A,A,H,-,A,A,0,,,,,Y,,M,47,1,0,1,0,0,0,0,0,0,"- ","- ",37.360100000000003,-120.19759000000001,MARIPOSA,UNINCORPORATED,-120.17930269,37.360307339999999
5912174,2014,2014-02-14,9455,2014-01-17,1712,19244,,5,2,9,2200,0,1,3,,1,005,"INDIAN PEAK RD","RT 49",0.00,,Y,A,-,Y,MPA,10,49,-,-,12.900,I,5,S,Y,1,1,2,2,A,-,12,22450,A,N,D,C,A,A,H,-,B,A,0,,,,Y,Y,,A,01,0,2,0,0,0,0,0,0,0,"- ","- ",37.460030000000003,-119.90111,MARIPOSA,UNINCORPORATED,-119.9010779,37.460094159999997
6291367,2014,2016-01-06,9455,2014-08-26,1625,18018,,2,2,9,2200,0,1,3,,1,005,"RT 49","OLD HWY",3168.00,N,N,A,-,Y,MPA,10,49,-,-,17.910,H,-,S,Y,1,1,0,1,A,-,01,23152,A,N,F,A,A,A,H,-,A,D,0,,,,,Y,Y,D,22,0,0,0,0,0,0,0,0,0,"- ","- ",37.476050000000001,-119.95786,MARIPOSA,UNINCORPORATED,-119.95278714,37.471988430000003
6571220,2014,2016-04-29,9455,2014-07-16,1200,018215,,3,1,9,2200,0,1,3,,1,001,"RT 140","MILLER RD",1584.00,W,N,A,-,Y,MPA,10,140,-,-,20.830,H,-,W,Y,2,0,1,2,A,-,03,22350,,N,D,C,A,A,H,-,A,A,0,,,Y,,Y,,C,02,1,0,0,0,0,0,0,0,1,"- ","- ",,,MARIPOSA,UNINCORPORATED,-119.96077047999999,37.477815649999997
6571222,2014,2016-04-29,9455,2014-07-16,1630,018215,,3,2,9,2200,0,1,3,,1,002,"RT 140","BRICEBURG VISITORS CENTER",2112.00,W,N,A,-,Y,MPA,10,140,-,-,33.270,H,-,W,Y,2,0,3,2,A,-,03,22350,,N,F,A,A,A,H,-,A,D,0,,,Y,,Y,,C,02,3,0,0,0,0,0,0,0,2,"- ","- ",,,MARIPOSA,UNINCORPORATED,-119.95815781,37.596978110000002
6608627,2014,2016-04-29,9425,2014-08-22,1705,17461,,5,2,9,2200,0,1,3,,1,054,"RT 132","HORSESHOE BEND",508.00,E,N,A,-,Y,MPA,10,132,-,-,15.090,H,-,W,Y,2,0,1,1,A,-,03,22350,,N,F,A,A,A,H,-,A,D,0,,,,Y,Y,,F,27,1,0,0,0,0,0,0,0,0,"- ","- ",37.4221,-120.15089999999999,MARIPOSA,UNINCORPORATED,-120.23838555,37.706926600000003
6822027,2015,2016-09-14,9425,2015-01-31,1910,017461,,6,2,9,2200,0,1,3,,1,054,"RT 132","JALAPA WY",650.00,E,N,A,-,Y,MPA,10,132,-,R,3.220,H,-,W,Y,2,0,2,1,A,-,03,22350,,N,E,I,A,A,H,-,D,D,0,,,,,Y,,A,01,1,0,1,0,0,0,0,0,0,"- ","- ",37.671489999999999,-120.36669999999999,MARIPOSA,UNINCORPORATED,-120.36753087,37.669188720000001
6999142,2015,2017-01-27,9455,2015-07-01,1042,018920,,3,1,9,2200,0,1,3,,1,001,"RT 140","MILLS CREEK BR 40 13",300.00,E,N,B,-,Y,MPA,10,140,-,-,3.520,H,-,E,Y,2,0,1,1,A,-,08,22107,,N,F,A,A,A,H,-,A,D,0,,,,,Y,,A,01,1,0,0,0,0,0,0,0,0,"- ","- ",,,MARIPOSA,UNINCORPORATED,-120.17208786,37.370984129999997
90015319,2015,2015-12-16,9455,2015-07-31,1600,019199,,5,2,9,2200,0,1,3,,1,003,SR-140,"BEAR CREEK BRIDGE 40-5",257.00,E,N,A,-,Y,,,,,,,,,,Y,1,1,10,2,A,-,05,21460,A,N,A,C,A,A,H,-,A,A,0,,,,,Y,,A,07,0,3,7,0,0,0,0,0,0,"- ","- ",,,MARIPOSA,UNINCORPORATED,,