CASE_ID,ACCIDENT_YEAR,PROC_DATE,JURIS,COLLISION_DATE,COLLISION_TIME,OFFICER_ID,REPORTING_DISTRICT,DAY_OF_WEEK,CHP_SHIFT,POPULATION,CNTY_CITY_LOC,SPECIAL_COND,BEAT_TYPE,CHP_BEAT_TYPE,CITY_DIVISION_LAPD,CHP_BEAT_CLASS,BEAT_NUMBER,PRIMARY_RD,SECONDARY_RD,DISTANCE,DIRECTION,INTERSECTION,WEATHER_1,WEATHER_2,STATE_HWY_IND,CALTRANS_COUNTY,CALTRANS_DISTRICT,STATE_ROUTE,ROUTE_SUFFIX,POSTMILE_PREFIX,POSTMILE,LOCATION_TYPE,RAMP_INTERSECTION,SIDE_OF_HWY,TOW_AWAY,COLLISION_SEVERITY,NUMBER_KILLED,NUMBER_INJURED,PARTY_COUNT,PRIMARY_COLL_FACTOR,PCF_CODE_OF_VIOL,PCF_VIOL_CATEGORY,PCF_VIOLATION,PCF_VIOL_SUBSECTION,HIT_AND_RUN,TYPE_OF_COLLISION,MVIW,PED_ACTION,ROAD_SURFACE,ROAD_COND_1,ROAD_COND_2,LIGHTING,CONTROL_DEVICE,CHP_ROAD_TYPE,PEDESTRIAN_ACCIDENT,BICYCLE_ACCIDENT,MOTORCYCLE_ACCIDENT,TRUCK_ACCIDENT,NOT_PRIVATE_PROPERTY,ALCOHOL_INVOLVED,STWD_VEHTYPE_AT_FAULT,CHP_VEHTYPE_AT_FAULT,COUNT_SEVERE_INJ,COUNT_VISIBLE_INJ,COUNT_COMPLAINT_PAIN,COUNT_PED_KILLED,COUNT_PED_INJURED,COUNT_BICYCLIST_KILLED,COUNT_BICYCLIST_INJURED,COUNT_MC_KILLED,COUNT_MC_INJURED,PRIMARY_RAMP,SECONDARY_RAMP,LATITUDE,LONGITUDE,COUNTY,CITY,POINT_X,POINT_Y
90022900,2015,2015-10-19,9455,2015-09-17,0530,016876,,4,3,9,2200,0,1,3,,1,002,SR-140,"COLORADO RD",4224.00,E,N,A,-,Y,,,140,,,,,,,Y,2,0,2,2,A,-,05,21460,A,N,A,C,A,A,H,-,D,D,0,,,,,Y,,A,01,2,0,0,0,0,0,0,0,0,"- ","- ",37.57441,-119.94508,MARIPOSA,UNINCORPORATED,-119.94513781000001,37.574342139999999
90024947,2015,2015-10-19,9455,2015-08-20,2240,020126,,4,3,9,2200,0,3,5,,2,010,"HARRIS RD",SR-49,2112.00,E,N,A,-,N,,,,,,,,,,Y,1,1,0,1,A,-,01,23152,A,N,E,I,A,A,H,-,D,D,0,,,,,Y,Y,A,08,0,0,0,0,0,0,0,0,0,"- ","- ",37.436579999999999,-119.72865,MARIPOSA,UNINCORPORATED,-119.72938855,37.436131449999998
90132873,2016,2016-03-09,9425,2016-02-27,1005,017461,,6,1,9,2200,0,3,5,,1,005,"BULL CREEK RD","MOORE CREEK",5280.00,E,N,A,-,N,,,,,,,,,,Y,2,0,3,1,A,-,08,22107,,N,E,I,A,A,H,-,A,D,0,,,,,Y,,D,22,2,0,1,0,0,0,0,0,0,"- ","- ",,,MARIPOSA,UNINCORPORATED,,
90183646,2016,2016-07-07,9455,2016-05-13,1538,018939,,5,2,9,2200,0,1,3,,1,005,SR-49,"DARRAH RD",676.00,S,N,A,-,Y,,,49,,,,,,,Y,2,0,3,2,A,-,00,23153,E,N,A,C,A,A,H,-,A,D,0,,,,,Y,,D,22,2,1,0,0,0,0,0,0,0,"- ","- ",37.463799999999999,-119.88720000000001,MARIPOSA,UNINCORPORATED,-119.88720961,37.463756889999999
90195301,2016,2016-06-06,9455,2016-05-16,1600,018215,,1,2,9,2200,0,1,3,,1,001,SR-140,"HUMMINGBIRD LN",1584.00,E,N,A,-,Y,,,,,,,,,,Y,1,1,0,1,A,-,08,22107,,N,E,I,A,A,H,-,A,D,0,,,,,Y,,A,07,0,0,0,0,0,0,0,0,0,"- ","- ",37.283360000000002,-120.02255,MARIPOSA,UNINCORPORATED,-120.03958532999999,37.475849369999999
90243667,2016,2016-08-31,9455,2016-08-06,1805,018939,,6,2,9,2200,0,1,3,,1,003,SR-140,"SWEETWATER CREEK 40 7",2.00,E,N,A,-,Y,,,140,,,,,,,N,2,0,1,1,A,-,01,23152,A,N,E,I,A,A,H,-,A,D,0,,,Y,,Y,Y,C,02,1,0,0,0,0,0,0,0,1,"- ","- ",37.642609999999998,-119.92522,MARIPOSA,UNINCORPORATED,-119.92517804000001,37.642570079999999
90284787,2016,2016-10-21,9455,2016-09-20,1655,020097,,2,2,9,2200,0,1,3,,1,005,SR-49,"CHOWCHILLA MOUNTAIN RD",284.00,S,N,A,-,Y,,,,,,,,,,Y,1,1,0,1,A,-,08,22107,,N,E,I,A,A,H,-,A,D,0,,,,,Y,,A,07,0,0,0,0,0,0,0,0,0,"- ","- ",37.274889999999999,-119.46395,MARIPOSA,UNINCORPORATED,-119.776467,37.462764
90310342,2016,2016-11-03,9425,2016-08-22,1515,017403,,1,2,9,2200,0,1,3,,1,051,SR-120,"FOREST ROUTE 1S48Y",1584.00,W,N,A,-,Y,,,,,,,,,,Y,1,1,2,1,A,-,08,22107,,N,E,I,A,A,H,-,A,D,0,,,,,Y,,A,07,2,0,0,0,0,0,0,0,0,"- ","- ",,,MARIPOSA,UNINCORPORATED,,
90325863,2016,2016-11-21,9455,2016-11-11,1235,019417,,5,1,9,2200,0,1,3,,1,005,SR-49,"VARAIN RD",2640.00,S,N,A,-,Y,,,49,,,,,,,Y,2,0,1,1,A,-,08,22107,,N,E,I,A,A,H,-,A,D,0,,,,,Y,,A,01,1,0,0,0,0,0,0,0,0,"- ","- ",37.459820000000001,-119.93374,MARIPOSA,UNINCORPORATED,-119.93373427,37.4597938
90371686,2017,2017-01-18,9455,2017-01-14,1225,018088,,6,1,9,2200,0,1,3,,1,004,SR-49,"FRENCH CAMP RD",528.00,S,N,A,-,Y,,,49,,,,,,,Y,2,0,2,1,A,-,01,23152,A,N,E,I,A,A,H,-,A,D,0,,,,,Y,Y,A,01,1,0,1,0,0,0,0,0,0,"- ","- ",37.504159999999999,-119.99403,MARIPOSA,UNINCORPORATED,-119.99403270000001,37.504157050000003
90491786,2017,2017-06-30,9455,2017-06-24,0430,019237,,6,3,9,2200,0,1,3,,1,005,"STATE HIGHWAY 49 SOUTH","MIAMI MOUNTAIN RD",400.00,N,N,A,-,Y,,,49,,,,,,,Y,2,0,2,1,A,-,08,22107,,N,E,I,A,A,H,-,B,D,0,,,,,Y,Y,A,01,1,1,0,0,0,0,0,0,0,"- ","- ",37.41919,-119.72785,MARIPOSA,UNINCORPORATED,-119.72792317,37.419316700000003
90501446,2017,2017-07-17,9455,2017-07-07,2038,018939,,5,2,9,2200,0,3,5,,2,010,"INDIAN PEAK RD","HUMBUG CREEK RD",1056.00,S,N,A,-,N,,,,,,,,,,N,2,0,1,1,A,-,01,23152,A,N,E,I,A,A,H,-,D,D,0,,,Y,,Y,Y,C,02,1,0,0,0,0,0,0,0,1,"- ","- ",37.430300000000003,-119.88630000000001,MARIPOSA,UNINCORPORATED,-119.88899000000001,37.430230000000002
90535901,2017,2017-08-29,9455,2017-08-18,1330,021143,,5,1,9,2200,0,3,5,,2,009,"COLORADO RD",SR-140,4224.00,N,N,A,-,N,,,,,,,,,,Y,2,0,2,2,A,-,05,21460,A,N,B,C,A,A,H,-,A,D,0,,,,,Y,,A,01,1,0,1,0,0,0,0,0,0,"- ","- ",37.565399999999997,-119.9539,MARIPOSA,UNINCORPORATED,-119.94001,37.56465
90547129,2017,2017-09-13,9455,2017-09-06,1643,021563,,3,2,9,2200,0,3,5,,2,009,"SHERLOCK RD","TELEGRAPH RD",528.00,E,N,A,-,N,,,,,,,,,,N,2,0,3,1,A,-,08,22107,,N,F,A,A,A,E,-,A,D,0,,,Y,,Y,,C,06,1,2,0,0,0,0,0,0,3,"- ","- ",37.556930000000001,-119.99607,MARIPOSA,UNINCORPORATED,-119.99712669,37.567427909999999
90547782,2017,2017-09-14,9425,2017-06-26,2015,017403,,1,2,9,2200,0,1,3,,1,054,SR-132,"BONDS FLAT RD",1056.00,W,N,A,-,Y,,,,,,,,,,Y,1,1,0,1,A,-,01,23152,A,N,E,I,A,A,H,-,A,D,0,,,Y,,Y,Y,C,02,0,0,0,0,0,0,0,1,0,"- ","- ",,,MARIPOSA,UNINCORPORATED,,
90551233,2017,2017-09-19,9425,2017-07-27,1427,016886,,4,2,9,2200,0,1,3,,1,051,SR-120,"USFS 1S01",368.00,W,N,A,-,Y,,,120,,,,,,,Y,1,1,1,1,A,-,08,22107,,N,E,I,A,A,H,-,A,D,0,,,,,Y,Y,D,22,1,0,0,0,0,0,0,0,0,"- ","- ",37.817979999999999,-120.05583,MARIPOSA,UNINCORPORATED,-120.05584897,37.818038090000002
90557423,2017,2017-09-27,9455,2017-09-25,1840,018215,,1,2,9,2200,0,1,3,,1,001,SR-140,"MILES CREEK BRIDGE 40-18",280.00,E,N,A,-,Y,,,140,,,,,,,N,2,0,1,3,A,-,11,21954,A,N,G,B,D,A,H,-,A,D,0,Y,,,,Y,,N,60,1,0,0,0,1,0,0,0,0,"- ","- ",37.385440000000003,-120.15644,MARIPOSA,UNINCORPORATED,-120.15642689000001,37.385427030000002
90588948,2017,2017-11-07,9425,2017-11-03,0423,016886,,5,3,9,2200,0,1,3,,1,053,SR-49,"CROWN LEAD ROAD",12672.00,S,N,B,-,Y,,,49,,,,,,,Y,2,0,1,1,A,-,08,22107,,N,E,I,A,B,H,-,D,D,0,,,,,Y,,A,07,1,0,0,0,0,0,0,0,0,"- ","- ",37.675609999999999,-120.15931,MARIPOSA,UNINCORPORATED,-120.15935555,37.6756508
90620535,2017,2017-12-19,9455,2017-12-13,0745,015656,,3,1,9,2200,0,1,3,,1,003,SR-140,"BRICEBURG RD.",15312.00,E,N,A,-,Y,,,140,,,,,,,Y,1,1,0,1,A,-,03,22350,,N,E,I,A,C,H,-,A,D,0,,,,,Y,,D,22,0,0,0,0,0,0,0,0,0,"- ","- ",37.632750000000001,-119.93581,MARIPOSA,UNINCORPORATED,-119.93583633,37.632775430000002
90628858,2017,2017-12-28,9455,2017-12-22,1320,021563,,5,1,9,2200,0,3,5,,2,009,"W. WHITLOCK",SR-49,11616.00,E,N,A,-,N,,,,,,,,,,Y,2,0,1,1,A,-,03,22350,,N,E,I,A,C,H,-,A,D,0,,,,,Y,,A,01,1,0,0,0,0,0,0,0,0,"- ","- ",37.528939999999999,-120.00924999999999,MARIPOSA,UNINCORPORATED,-120.00915255,37.528542440000003
90687130,2018,2018-03-21,9455,2018-03-12,1420,021295,,1,2,9,2200,0,1,3,,1,002,"SR-140 E/B","BRICEBURG ROAD",10560.00,W,N,A,-,Y,,,140,,,,,,E,Y,2,0,1,1,A,-,01,23152,A,N,E,I,A,A,H,-,A,D,0,,,,,Y,Y,D,22,1,0,0,0,0,0,0,0,0,"- ","- ",37.584598541259766,-119.96199798583984,MARIPOSA,UNINCORPORATED,-119.96172332763672,37.584690093994141
90725870,2018,2018-05-14,9425,2018-05-06,1055,017403,,7,1,9,2200,0,3,5,,1,005,"MERCED FALLS RD","CORONADO DR",10560.00,S,N,A,-,N,,,,,,,,,,Y,2,0,2,2,A,-,03,22350,,N,C,C,A,A,A,D,A,A,0,,,Y,,Y,,C,02,1,0,1,0,0,0,0,0,2,"- ","- ",37.599369049072266,-120.30771636962891,MARIPOSA,UNINCORPORATED,-120.30715942382812,37.600692749023438
90772189,2018,2018-07-18,9455,2018-07-09,2030,021563,,1,2,9,2200,0,3,5,,2,009,"HORNITOS RD","LA PALOMA RD",1580.00,W,N,A,-,N,,,,,,,,,,Y,2,0,1,1,A,-,03,22350,,N,E,I,A,A,H,-,B,D,0,,,Y,,Y,,C,02,1,0,0,0,0,0,0,0,1,"- ","- ",37.482410430908203,-120.27792358398438,MARIPOSA,UNINCORPORATED,-120.27768707275391,37.482421875
90931996,2019,2019-02-22,9425,2019-02-14,1110,016886,,4,1,9,2200,0,3,5,,1,005,"GREELEY HILL ROAD","BEAN CREEK LANE",263.00,W,N,C,G,N,,,,,,,,,,Y,2,0,1,1,C,-,18,,,N,H,J,A,B,H,-,A,D,0,,,,,Y,,-,"- ",1,0,0,0,0,0,0,0,0,"- ","- ",37.743278503417969,-120.13139343261719,MARIPOSA,UNINCORPORATED,-120.13133239746094,37.743331909179688
90932225,2019,2019-02-22,9455,2019-01-29,1305,015656,,2,1,9,2200,0,1,3,,1,005,SR-49S,"WASS RD.",2376.00,N,N,A,-,Y,,,49,,,,,,,Y,1,1,1,2,A,-,08,22107,,N,A,C,A,A,H,-,A,D,0,,,,Y,Y,,A,07,1,0,0,0,0,0,0,0,0,"- ","- ",37.445621490478516,-119.84013366699219,MARIPOSA,UNINCORPORATED,-119.84015655517578,37.4456787109375
91011300,2019,2019-06-17,9455,2019-06-06,1130,018088,,4,1,9,2200,0,3,5,,2,010,"SILVER BAR RD","BEN HUR RD",1056.00,S,N,A,-,N,,,,,,,,,,Y,2,0,1,1,A,-,08,22107,,N,E,I,A,A,D,H,A,A,0,,,Y,,Y,,C,02,1,0,0,0,0,0,0,0,1,"- ","- ",37.436309814453125,-119.94116973876953,MARIPOSA,UNINCORPORATED,-119.962890625,37.373088836669922
91053260,2019,2019-08-16,9455,2019-08-09,2345,019244,,5,3,9,2200,0,1,3,,1,001,"STATE HIGHWAY 140","MILES CREEK BRIDGE 40.12",2640.00,E,N,A,-,Y,,,140,,,,,,,Y,2,0,3,2,A,-,08,22107,,N,A,C,A,A,H,-,D,D,0,,,,,Y,,A,01,1,1,1,0,0,0,0,0,0,"- ","- ",37.360378265380859,-120.17923736572266,MARIPOSA,UNINCORPORATED,-120.17919921875,37.360332489013672
91069199,2019,2019-09-06,9455,2019-09-05,0800,019237,,4,1,9,2200,0,1,3,,1,004,"STATE HIGHWAY 49 NORTH","JOE HOWARD STREET",1056.00,N,N,A,-,Y,,,49,,,,,,,Y,2,0,1,1,A,-,08,22107,,N,E,I,A,A,H,-,A,D,0,,,,,Y,,A,07,1,0,0,0,0,0,0,0,0,"- ","- ",37.493579864501953,-119.97736358642578,MARIPOSA,UNINCORPORATED,-119.97728729248047,37.493694305419922
91100440,2019,2019-10-18,9455,2019-09-13,1325,021563,,5,1,9,2200,0,3,5,,2,010,"KIMBLE RD",SR-49,457.00,N,N,A,-,N,,,,,,,,,,N,1,1,0,1,A,-,01,23152,A,N,F,A,A,A,H,-,A,D,0,,,,,Y,Y,M,96,0,0,0,0,0,0,0,0,0,"- ","- ",37.445419311523438,-119.74771118164062,MARIPOSA,UNINCORPORATED,-119.75433349609375,37.447948455810547
91162814,2019,2020-01-10,9455,2019-12-01,1720,018939,,7,2,9,2200,0,1,3,,1,003,"STATE HIGHWAY 140","CRANE CREEK RD",1056.00,E,N,C,-,Y,,,140,,,,,,,Y,1,1,0,1,A,-,01,23152,A,N,F,A,A,B,H,-,D,D,0,,,,,Y,Y,A,07,0,0,0,0,0,0,0,0,0,"- ","- ",37.677200317382812,-119.77300262451172,MARIPOSA,UNINCORPORATED,-119.77300262451172,37.677135467529297
91236759,2020,2020-05-12,9425,2020-05-07,1135,016886,,4,1,9,2200,0,1,3,,1,053,SR-49,"CROWN LEAD ROAD",6336.00,S,N,A,-,Y,,,49,,,,,,,Y,2,0,1,1,A,-,05,21460,A,N,F,A,A,A,H,-,A,D,0,,,Y,,Y,,C,02,1,0,0,0,0,0,0,0,1,"- ","- ",37.680168151855469,-120.17153930664062,MARIPOSA,UNINCORPORATED,-120.17153167724609,37.680171966552734
91323125,2020,2020-10-13,9425,2020-10-06,1501,017403,,2,2,9,2200,0,3,5,,1,005,"RANCHITO DR","PICADERO WAY",460.00,E,N,A,-,N,,,,,,,,,,Y,2,0,1,1,A,-,01,23152,A,N,E,I,A,A,H,-,A,D,0,,,,,Y,Y,E,22,1,0,0,0,0,0,0,0,0,"- ","- ",37.646331787109375,-120.32945251464844,MARIPOSA,UNINCORPORATED,-120.32978057861328,37.645912170410156
91325421,2020,2020-10-16,9425,2020-10-09,1210,017461,,5,1,9,2200,0,3,5,,1,005,"WAGNER RIDGE RD","CHAPIN RD",1056.00,N,N,A,-,N,,,,,,,,,,Y,2,0,1,1,A,-,08,22107,,N,E,I,A,A,H,-,A,D,0,,,,,Y,,A,01,1,0,0,0,0,0,0,0,0,"- ","- ",37.782020568847656,-120.18557739257812,MARIPOSA,UNINCORPORATED,-120.18346099999999,37.782960000000003
91346227,2020,2020-11-16,9425,2020-11-12,1447,015963,,4,2,9,2200,0,1,3,,1,053,SR-49,"CROWN LEAD RD",3696.00,S,N,A,-,Y,,,49,,,,,,,Y,2,0,1,1,A,-,08,22107,,N,F,A,A,A,H,-,A,A,0,,,Y,,Y,,C,02,1,0,0,0,0,0,0,0,1,"- ","- ",37.688060760498047,-120.17843627929688,MARIPOSA,UNINCORPORATED,-120.17844390869141,37.688095092773438
91378290,2020,2020-12-30,9425,2020-12-21,1525,017461,,1,2,9,2200,0,1,3,,1,054,SR-132,"JALAPA WAY (WEST)",0.00,,Y,A,-,Y,,,132,,,,,,,Y,2,0,2,2,A,-,05,21460,A,N,D,C,A,A,H,-,A,D,0,,,Y,,Y,,C,02,1,0,1,0,0,0,0,0,1,"- ","- ",37.668510437011719,-120.36949157714844,MARIPOSA,UNINCORPORATED,-120.36946868896484,37.668437957763672
91394239,2021,2021-01-26,9455,2021-01-23,0500,021295,,6,3,9,2200,0,1,3,,1,001,"SR-140 W/B","HUMMINGBIRD LN",660.00,W,N,B,-,Y,,,140,,,,,,W,Y,2,0,1,1,A,-,08,22107,,N,F,A,A,A,H,-,D,D,0,,,,,Y,,D,22,1,0,0,0,0,0,0,0,0,"- ","- ",37.476699829101562,-120.04730224609375,MARIPOSA,UNINCORPORATED,-120.04730987548828,37.476589202880859
91571386,2021,2021-09-15,9425,2021-09-03,1520,017461,,5,2,9,2200,0,1,3,,1,054,SR-132,"HORSESHOE BEND",2640.00,E,N,A,-,Y,,,132,,,,,,,Y,2,0,1,1,A,-,08,22107,,N,E,I,A,A,H,-,A,D,0,,,Y,,Y,,C,02,1,0,0,0,0,0,0,0,1,"- ","- ",37.709098815917969,-120.24543762207031,MARIPOSA,UNINCORPORATED,-120.24540710449219,37.709022521972656
91580929,2021,2021-09-27,9425,2021-09-25,1255,016886,,6,1,9,2200,0,1,3,,1,053,"STATE ROUTE 49","CROWN LEAD ROAD",3432.00,S,N,A,-,Y,,,49,,,,,,,N,2,0,1,1,A,-,08,22107,,N,F,A,A,A,H,-,A,D,0,,,Y,,Y,,C,02,1,0,0,0,0,0,0,0,1,"- ","- ",37.685909271240234,-120.17709350585938,MARIPOSA,UNINCORPORATED,-120.17707824707031,37.685939788818359
91642220,2021,2021-12-30,9425,2021-11-22,1310,017461,,1,1,9,2200,0,3,5,,1,005,"DEXTER RD","SIERRA DR",35.00,E,N,A,-,N,,,,,,,,,,Y,1,1,0,1,A,-,08,22107,,N,E,I,A,A,H,-,A,D,0,,,,,Y,,A,01,0,0,0,0,0,0,0,0,0,"- ","- ",37.773040771484375,-120.18035888671875,MARIPOSA,UNINCORPORATED,-120.18020629882812,37.772930145263672
91754308,2022,2022-04-22,9425,2022-04-11,1115,014853,,1,1,9,2200,0,1,3,,1,053,SR-49,"SCHILLING ROAD",7920.00,S,N,B,C,Y,MPA,,49,,,37.763,H,,R,Y,2,0,2,1,A,-,03,22350,,N,E,8,A,B,H,-,A,D,0,,,,,Y,,A,07,2,0,0,0,0,0,0,0,0,"- ","- ",37.645359039306641,-120.14724731445312,MARIPOSA,UNINCORPORATED,-120.147216796875,37.645431518554688
91793876,2022,2022-06-13,9425,2022-06-01,1729,016886,,3,2,9,2200,0,3,5,,1,005,"MERCED FALLS ROAD","MARIPOSA/MERCED COUNTY LINE",16368.00,N,N,A,-,N,,,,,,,,,,Y,2,0,3,2,A,-,05,21460,A,N,A,C,A,A,H,-,A,D,0,,,,,Y,,A,07,1,2,0,0,0,0,0,0,0,"- ","- ",37.57366943359375,-120.30815124511719,MARIPOSA,UNINCORPORATED,,
91811057,2022,2022-07-06,9455,2022-06-10,0955,020123,,5,1,9,2200,0,1,3,,1,004,SR-49,"MACREADY WAY",156.00,N,N,A,-,N,,,,,,,,,,Y,2,0,1,1,A,-,08,22107,,N,E,I,A,A,H,-,A,D,0,,,Y,,Y,,C,02,1,0,0,0,0,0,0,0,1,"- ","- ",37.507640838623047,-122.03719329833984,MARIPOSA,UNINCORPORATED,-120.03595733642578,37.508087158203125
91811542,2022,2022-07-06,9455,2022-07-01,1925,018869,,5,2,9,2200,0,3,5,,2,010,"ITALIAN CREEK ROAD","BOYER ROAD",1056.00,E,N,A,-,N,,,,,,,,,,N,2,0,1,1,A,-,01,23152,A,N,F,A,A,A,H,-,B,D,0,,,Y,,Y,Y,C,06,1,0,0,0,0,0,0,0,1,"- ","- ",37.466499328613281,-119.85012817382812,MARIPOSA,UNINCORPORATED,-119.84990692138672,37.466396331787109
91999223,2023,2023-02-21,9455,2023-02-17,1535,019244,,5,2,9,2200,0,1,3,,1,001,"STATE HIGHWAY 140","UPPER TROWER ROAD",172.00,W,N,A,-,Y,MPA,,140," "," ",11.635,H,,R,Y,2,0,2,1,A,-,01,23152,A,N,E,I,A,A,H,-,A,D,0,,,,,Y,Y,A,01,2,0,0,0,0,0,0,0,0,"- ","- ",37.4521484375,-120.07211303710938,MARIPOSA,UNINCORPORATED,-120.07205200195312,37.452129364013672
92084844,2023,2023-06-02,9456,2023-05-22,1850,018970,,1,2,9,2200,0,1,3,,2,055,SR-41,"MIAMI MOTORCYCLE TRL",500.00,S,N,A,-,Y,MPA,,41," "," ",0.194,H,,R,Y,2,0,1,1,A,-,08,22107,,N,E,I,A,A,H,-,A,D,0,,,,,Y,,D,22,1,0,0,0,0,0,0,0,0,"- ","- ",37.443660736083984,-119.65352630615234,MARIPOSA,UNINCORPORATED,-119.65339660644531,37.443717956542969
92099255,2023,2023-06-21,9455,2023-06-16,"905 ",016876,,5,1,9,2200,0,3,5,,2,010,"EAST WHITLOCK RD","YOSEMITE OAKS RD",1584.00,S,N,A,-,N,,,,,,,,,,Y,2,0,2,2,A,-,08,22107,,N,A,C,A,A,H,-,A,D,0,,,,,Y,,D,22,1,1,0,0,0,0,0,0,0,"- ","- ",37.526611328125,-119.94455718994141,MARIPOSA,UNINCORPORATED,-119.94528961181641,37.527114868164062
92116069,2023,2023-07-13,9425,2023-07-05,"820 ",016886,,3,1,9,2200,0,3,5,,1,005,"GREELEY HILL ROAD","SMITH STATION ROAD",9504.00,E,N,A,-,N,,,,,,,,,,N,2,0,1,1,C,-,18,,,N,H,H,A,A,H,-,A,D,0,,,Y,,Y,,-,"- ",1,0,0,0,0,0,0,0,1,"- ","- ",37.755359649658203,-120.07553863525391,MARIPOSA,UNINCORPORATED,-120.07674407958984,37.755462646484375
92224104,2023,2023-10-31,9425,2023-10-24,2330,017403,,2,3,9,2200,0,3,5,,1,005,"MERCED FALLS","HORNITOS RD",19536.00,N,N,A,-,N,,,,,,,,,,Y,2,0,2,1,A,-,08,22107,,N,E,I,A,A,H,-,D,D,0,,,,,Y,,A,01,1,0,1,0,0,0,0,0,0,"- ","- ",37.570999145507812,-120.31478118896484,MARIPOSA,UNINCORPORATED,,
92274007,2023,2023-12-28,9455,2023-12-16,1710,018939,,6,2,9,2200,0,1,3,,1,005,"SR 49","SILVA RD",0.00,,Y,A,-,Y,MPA,,49," "," ",12.901,H,,R,Y,2,0,1,3,A,-,03,22350,,N,C,D,A,A,H,-,B,A,0,,,,,Y,,D,22,1,0,0,0,0,0,0,0,0,"- ","- ",37.460071563720703,-119.90107727050781,MARIPOSA,UNINCORPORATED,-119.90109252929688,37.460079193115234
94372956,2024,2024-08-28,9456,2024-08-26,1641,020944,,1,2,9,2200,0,1,3,,1,052,SR-41,"JACKSON ROAD",3660.00,S,N,A,-,Y,MPA,,41," "," ",2.228,H,,R,Y,2,0,2,1,A,-,01,23152,A,F,E,I,A,A,H,-,A,D,0,,,,,Y,Y,-,"- ",1,1,0,0,0,0,0,0,0,"- ","- ",37.465969085693359,-119.64518737792969,MARIPOSA,UNINCORPORATED,-119.64520263671875,37.465965270996094
94381369,2024,2024-09-04,9455,2024-08-25,2100,020156,,7,2,9,2200,0,3,5,,2,010,"COLE RD","DARRAH ROAD",528.00,N,N,A,-,N,,,,,,,,,,Y,2,0,1,1,A,-,08,22107,,N,E,I,A,A,H,-,D,D,0,,,,,Y,,A,01,1,0,0,0,0,0,0,0,0,"- ","- ",37.466598510742188,-119.88700866699219,MARIPOSA,UNINCORPORATED,-119.88697052001953,37.466419219970703
94552261,2025,2025-01-28,9455,2025-01-21,1600,016876,,2,2,9,2200,0,1,3,,1,003,SR-140,"HITES COVE RD",5280.00,E,N,A,-,Y,MPA,,140," "," ",44.153,H,,R,Y,2,0,2,1,A,-,08,22107,,N,E,I,A,A,B,-,A,D,0,,,,,Y,,A,01,2,0,0,0,0,0,0,0,0,"- ","- ",37.660999298095703,-119.87513732910156,MARIPOSA,UNINCORPORATED,-119.87511444091797,37.660999298095703
94565203,2024,2025-02-04,9455,2024-12-14,1507,018939,,6,2,9,2200,0,1,3,,1,005,SR-140,"VARAIN RD",237.00,N,N,B,-,Y,MPA,,49," "," ",15.504,H,,R,Y,1,1,8,2,A,-,01,23152,F,N,A,C,A,B,H,-,A,D,0,,,,,Y,,A,01,5,0,3,0,0,0,0,0,0,"- ","- ",37.460430145263672,-119.94432067871094,MARIPOSA,UNINCORPORATED,-119.94431304931641,37.460445404052734
94685464,2025,2025-05-13,9455,2025-05-12,"840 ",016876,,1,1,9,2200,0,3,5,,2,010,"MEADOW LANE","GLACIER POINT",265.00,W,N,A,-,N,,,,,,,,,,Y,2,0,1,1,A,-,08,22107,,N,E,I,A,A,H,-,A,D,0,,,,,Y,,A,07,1,0,0,0,0,0,0,0,0,"- ","- ",37.496841430664062,-119.82405853271484,MARIPOSA,UNINCORPORATED,-119.83370208740234,37.498241424560547
94742496,2025,2025-06-27,9455,2025-06-24,"425 ",022213,,2,3,9,2200,0,1,3,,1,004,SR-49,"AGUA FRIA RD",70.00,N,N,A,-,Y,MPA,,49," "," ",22.737,H,,R,N,2,0,2,1,A,-,08,22107,,N,E,8,A,A,H,-,D,D,0,,,,,Y,,A,01,1,0,1,0,0,0,0,0,0,"- ","- ",37.505531311035156,-120.03971099853516,MARIPOSA,UNINCORPORATED,-120.03971862792969,37.505634307861328